PROV1;Tlingit;;;;;;;;;;;;;x;;;;
PROV2;Yakutat;;;;;;;;;;;;;x;;;;
PROV3;Shk'ituk't;;;;;;;;;;;;;x;;;;
PROV4;Unangax;;;;;;;;;;;;;x;;;;
PROV13;Glencove;;;;;;;;;;;;;x;;;;
PROV14;Camelon Isle;;;;;;;;;;;;;x;;;;
PROV15;King Island;;;;;;;;;;;;;x;;;;
PROV19;Fort Fraser;;;;;;;;;;;;;x;;;;
PROV20;Peachland;;;;;;;;;;;;;x;;;;
PROV21;Kootenai;;;;;;;;;;;;;x;;;;
PROV23;Fort McMurray;;;;;;;;;;;;;x;;;;
PROV26;Red Deer;;;;;;;;;;;;;x;;;;
PROV27;North Perthshire;;;;;;;;;;;;;x;;;;
PROV29;Crowsnest Pass;;;;;;;;;;;;;x;;;;
PROV30;County Kilchur;;;;;;;;;;;;;x;;;;
PROV32;Drumossie;;;;;;;;;;;;;x;;;;
PROV33;Clear Lake;;;;;;;;;;;;;x;;;;
PROV34;Fort Sturgeon;;;;;;;;;;;;;x;;;;
PROV35;Swift Current;;;;;;;;;;;;;x;;;;
PROV37;	Leslie	;;;;;;;;;;;;;x;;;;
PROV38;	Lake Factory	;;;;;;;;;;;;;x;;;;
PROV39;	Berens River	;;;;;;;;;;;;;x;;;;
PROV40;	The Pas	;;;;;;;;;;;;;x;;;;
PROV41;	Kilchurn	;;;;;;;;;;;;;x;;;;
PROV42;	Red River	;;;;;;;;;;;;;x;;;;
PROV46; Martinstoun ;;;;;;;;;;;;;x;;;;
PROV47;	Tay	;;;;;;;;;;;;;x;;;;
PROV48;	Smoky Falls	;;;;;;;;;;;;;x;;;;
PROV49;	Lake of the Woods	;;;;;;;;;;;;;x;;;;
PROV50;	Ros Dumhach	;;;;;;;;;;;;;x;;;;
PROV51;	Bell Beinns	;;;;;;;;;;;;;x;;;;
PROV52;	Simcoe	;;;;;;;;;;;;;x;;;;
PROV53;	Tobermory	;;;;;;;;;;;;;x;;;;
PROV55;	Niagara	;;;;;;;;;;;;;x;;;;
PROV56;	Ontario	;;;;;;;;;;;;;x;;;;
PROV57;	Ottawa	;;;;;;;;;;;;;x;;;;
PROV58;	Drummondville	;;;;;;;;;;;;;x;;;;
PROV59;	Saint Jeremy	;;;;;;;;;;;;;x;;;;
PROV60;	Fort Rupert	;;;;;;;;;;;;;x;;;;
PROV61;	Saint Jeremy	;;;;;;;;;;;;;x;;;;
PROV62;	Mecatina	;;;;;;;;;;;;;x;;;;
PROV63;	Loch Abitibi	;;;;;;;;;;;;;x;;;;
PROV64;Three Watters;;;;;;;;;;;;;x;;;;
PROV65;Quebec;;;;;;;;;;;;;x;;;;
PROV66;Grantown;;;;;;;;;;;;;x;;;;
PROV67;	Cape Wick	;;;;;;;;;;;;;x;;;;
PROV68;	Moncton	;;;;;;;;;;;;;x;;;;
PROV69;Peairt-Atholl;;;;;;;;;;;;;x;;;;
PROV70;	Prince Edward Isl.	;;;;;;;;;;;;;x;;;;
PROV71;	Caledonia	;;;;;;;;;;;;;x;;;;
PROV72;	Nova Scotia	;;;;;;;;;;;;;x;;;;
PROV73;	Cape Breton	;;;;;;;;;;;;;x;;;;
PROV74;	Blair Abbot	;;;;;;;;;;;;;x;;;;
PROV75;	Avalon	;;;;;;;;;;;;;x;;;;
PROV76;Tunnock;;;;;;;;;;;;;x;;;;
PROV77;	Blair Abbot	;;;;;;;;;;;;;x;;;;
PROV78;	Cape Flattery	;;;;;;;;;;;;;x;;;;
PROV79;	Shantach	;;;;;;;;;;;;;x;;;;
PROV80;	Spokane Hoose	;;;;;;;;;;;;;x;;;;
PROV81;	Applegate	;;;;;;;;;;;;;x;;;;
PROV82;	Fur Lodge	;;;;;;;;;;;;;x;;;;
PROV84;Pomo;;;;;;;;;;;;;x;;;;
PROV85;Yuki;;;;;;;;;;;;;x;;;;
PROV86;Maidu;;;;;;;;;;;;;x;;;;
PROV87;Salinan;;;;;;;;;;;;;x;;;;
PROV88;Yokuts;;;;;;;;;;;;;x;;;;
PROV89;Chumash;;;;;;;;;;;;;x;;;;
PROV90;Kumeyaay;;;;;;;;;;;;;x;;;;
PROV91;	Albion	;;;;;;;;;;;;;x;;;;
PROV92;	Cooncil Citee	;;;;;;;;;;;;;x;;;;
PROV93;	Shawpatin	;;;;;;;;;;;;;x;;;;
PROV100;Yavapai;;;;;;;;;;;;;x;;;;
PROV101;Hualapai;;;;;;;;;;;;;x;;;;
PROV102;	Duncan	;;;;;;;;;;;;;x;;;;
PROV103;	Fort Carmichael	;;;;;;;;;;;;;x;;;;
PROV104;Dineta;;;;;;;;;;;;;x;;;;
PROV105;	White Sands	;;;;;;;;;;;;;x;;;;
PROV110;	Holyoke	;;;;;;;;;;;;;x;;;;
PROV111;	Saut Loch	;;;;;;;;;;;;;x;;;;
PROV112;	Athollshire	;;;;;;;;;;;;;x;;;;
PROV115;Williston;;;;;;;;;;;;;x;;;;
PROV116;	Dunbannock	;;;;;;;;;;;;;x;;;;
PROV117;	Glen Sauchie	;;;;;;;;;;;;;x;;;;
PROV118;	Lake Alice	;;;;;;;;;;;;;x;;;;
PROV120;	Fort Randall	;;;;;;;;;;;;;x;;;;
PROV121;	Fort Clark	;;;;;;;;;;;;;x;;;;
PROV123;	Omaha	;;;;;;;;;;;;;x;;;;
PROV124;	Scottsbluff	;;;;;;;;;;;;;x;;;;
PROV125;	Lincoln	;;;;;;;;;;;;;x;;;;
PROV126;	Little Rock	;;;;;;;;;;;;;x;;;;
PROV127;	Lockerbie	;;;;;;;;;;;;;x;;;;
PROV128;	Mentieth	;;;;;;;;;;;;;x;;;;
PROV129;	McPherson	;;;;;;;;;;;;;x;;;;
PROV130;	Bristaw	;;;;;;;;;;;;;x;;;;
PROV131;	Roxburghshire	;;;;;;;;;;;;;x;;;;
PROV132;	Baytown	;;;;;;;;;;;;;x;;;;
PROV133;	Brownwood	;;;;;;;;;;;;;x;;;;
PROV134;	Corsicana	;;;;;;;;;;;;;x;;;;
PROV135;	Staked Plain	;;;;;;;;;;;;;x;;;;
PROV136;	Meriworth	;;;;;;;;;;;;;x;;;;
PROV137;	Victoria	;;;;;;;;;;;;;x;;;;
PROV138;	Sabbiadoro sul Gran Fusto	;;;;;;;;;;;;;x;;;;
PROV139;	Jedburgh Point	;;;;;;;;;;;;;x;;;;
PROV140;	Ayr	;;;;;;;;;;;;;x;;;;
PROV141;	Lake Arthur	;;;;;;;;;;;;;x;;;;
PROV142;	Corstorphine	;;;;;;;;;;;;;x;;;;
PROV143;	Grand River	;;;;;;;;;;;;;x;;;;
PROV144;	Anderstoon	;;;;;;;;;;;;;x;;;;
PROV145;	Fort Miller	;;;;;;;;;;;;;x;;;;
PROV146;	St. Louis	;;;;;;;;;;;;;x;;;;
PROV148;	Inverary	;;;;;;;;;;;;;x;;;;
PROV149;	Clutha	;;;;;;;;;;;;;x;;;;
PROV150;	Mount Ayr	;;;;;;;;;;;;;x;;;;
PROV151;	Council Bluff	;;;;;;;;;;;;;x;;;;
PROV152;	Fort Madison	;;;;;;;;;;;;;x;;;;
PROV154;	Templeton	;;;;;;;;;;;;;x;;;;
PROV155;	Minnesota	;;;;;;;;;;;;;x;;;;
PROV156;	Traverse	;;;;;;;;;;;;;x;;;;
PROV157;	Great Forks	;;;;;;;;;;;;;x;;;;
PROV158;	Baude	;;;;;;;;;;;;;x;;;;
PROV159;	Sturgeon Bay	;;;;;;;;;;;;;x;;;;
PROV160;	Drummond	;;;;;;;;;;;;;x;;;;
PROV161;Abbotsford;;;;;;;;;;;;;x;;;;
PROV162;	Auld Sauldier	;;;;;;;;;;;;;x;;;;
PROV163;	Dunbeg	;;;;;;;;;;;;;x;;;;
PROV165;Auld Reekie;;;;;;;;;;;;;x;;;;
PROV166;Locherbie;;;;;;;;;;;;;x;;;;
PROV167;	Beinn Stirling	;;;;;;;;;;;;;x;;;;
PROV168;Little Egypt;;;;;;;;;;;;;x;;;;
PROV169;	High Ground	;;;;;;;;;;;;;x;;;;
PROV170;Indiana;;;;;;;;;;;;;x;;;;
PROV171;	Dunsackinaw	;;;;;;;;;;;;;x;;;;
PROV172;	Fort Dunsinane	;;;;;;;;;;;;;x;;;;
PROV173;	Annarbour	;;;;;;;;;;;;;x;;;;
PROV174;	Grand Rapids	;;;;;;;;;;;;;x;;;;
PROV175;	Flint	;;;;;;;;;;;;;x;;;;
PROV176;	Mackinac	;;;;;;;;;;;;;x;;;;
PROV177;	Kinross	;;;;;;;;;;;;;x;;;;
PROV178;	Ravenscraig	;;;;;;;;;;;;;x;;;;
PROV180;	Clyde	;;;;;;;;;;;;;x;;;;
PROV183;	Lennoxshire	;;;;;;;;;;;;;x;;;;
PROV184;	Fort Knox	;;;;;;;;;;;;;x;;;;
PROV185;	Lexington	;;;;;;;;;;;;;x;;;;
PROV186;	Harrodstown	;;;;;;;;;;;;;x;;;;
PROV187;	Mayfield Centre	;;;;;;;;;;;;;x;;;;
PROV188;	Nashburgh	;;;;;;;;;;;;;x;;;;
PROV189;	Gum Pond	;;;;;;;;;;;;;x;;;;
PROV190;	Watauga	;;;;;;;;;;;;;x;;;;
PROV191;	Chattanooga	;;;;;;;;;;;;;x;;;;
PROV192;	Port Gibson	;;;;;;;;;;;;;x;;;;
PROV193;	Lochahome	;;;;;;;;;;;;;x;;;;
PROV194;	McHenry	;;;;;;;;;;;;;x;;;;
PROV195;Tuscaloosa;;;;;;;;;;;;;x;;;;
PROV196;	Huntsville	;;;;;;;;;;;;;x;;;;
PROV197;	Fort Charlotte	;;;;;;;;;;;;;x;;;;
PROV198;	Govanstoun	;;;;;;;;;;;;;x;;;;
PROV199;	Lochloosa	;;;;;;;;;;;;;x;;;;
PROV200;	River Glades	;;;;;;;;;;;;;x;;;;
PROV201;	Peachtree	;;;;;;;;;;;;;x;;;;
PROV202;	Fidius	;;;;;;;;;;;;;x;;;;
PROV203;Bermuda;;;;;;;;;;;;;x;;;;
PROV204;	Frederick	;;;;;;;;;;;;;x;;;;
PROV205;	Beaufort	;;;;;;;;;;;;;x;;;;
PROV206;	Keowee	;;;;;;;;;;;;;x;;;;
PROV207;	Granville	;;;;;;;;;;;;;x;;;;
PROV208;	Davidson's Fort	;;;;;;;;;;;;;x;;;;
PROV209;	Charlotte	;;;;;;;;;;;;;x;;;;
PROV210;	Cape Fear	;;;;;;;;;;;;;x;;;;
PROV211;	Charlottesville	;;;;;;;;;;;;;x;;;;
PROV212;	An Drochaid Ghlas	;;;;;;;;;;;;;x;;;;
PROV213;	Rappahannock	;;;;;;;;;;;;;x;;;;
PROV214;	New Fife	;;;;;;;;;;;;;x;;;;
PROV215;	Shenandoah	;;;;;;;;;;;;;x;;;;
PROV216;	New River	;;;;;;;;;;;;;x;;;;
PROV217;	Pearsall	;;;;;;;;;;;;;x;;;;
PROV218;	Houghburn	;;;;;;;;;;;;;x;;;;
PROV219;	Cheviot Chase	;;;;;;;;;;;;;x;;;;
PROV220;	Maryland	;;;;;;;;;;;;;x;;;;
PROV222;	Delaware	;;;;;;;;;;;;;x;;;;
PROV223;	Philadelphia	;;;;;;;;;;;;;x;;;;
PROV224;	Wyoming Valley	;;;;;;;;;;;;;x;;;;
PROV225;	West Branch	;;;;;;;;;;;;;x;;;;
PROV226;	Harrisburgh	;;;;;;;;;;;;;x;;;;
PROV227;	Pittsburgh	;;;;;;;;;;;;;x;;;;
PROV228;	Edinboro	;;;;;;;;;;;;;x;;;;
PROV229;	Biggar	;;;;;;;;;;;;;x;;;;
PROV230;	Baile Earra-Ghaidheil	;;;;;;;;;;;;;x;;;;
PROV232;	New Stirling	;;;;;;;;;;;;;x;;;;
PROV234;	Albany	;;;;;;;;;;;;;x;;;;
PROV235;	Loch Shelldrake	;;;;;;;;;;;;;x;;;;
PROV236;	Buffalo	;;;;;;;;;;;;;x;;;;
PROV237;	Stornoway Bay	;;;;;;;;;;;;;x;;;;
PROV238;	Oswego	;;;;;;;;;;;;;x;;;;
PROV239;	Middleburgh	;;;;;;;;;;;;;x;;;;
PROV240;	Ticonderoga	;;;;;;;;;;;;;x;;;;
PROV241;	New Haven	;;;;;;;;;;;;;x;;;;
PROV242;	Rhode Island	;;;;;;;;;;;;;x;;;;
PROV243;Argyllstoun;;;;;;;;;;;;;x;;;;
PROV244;	Shandon	;;;;;;;;;;;;;x;;;;
PROV245;	River Colony	;;;;;;;;;;;;;x;;;;
PROV246;	Vermont	;;;;;;;;;;;;;x;;;;
PROV247;	Whit Muntains	;;;;;;;;;;;;;x;;;;
PROV248;	Fort Elspeth	;;;;;;;;;;;;;x;;;;
PROV249;	Castine	;;;;;;;;;;;;;x;;;;
PROV250;	Caribou	;;;;;;;;;;;;;x;;;;
PROV251;	Cauldtoon	;;;;;;;;;;;;;x;;;;
PROV252;Akureyri;;;;;;;;;;;;;x;;;;
PROV253;Faroarna;;;;;;;;;;;;;x;;;;
PROV255;Tyrone;;;;;;;;;;;;;x;;;;
PROV264;Midlands;;;;;;;;;;;;;x;;;;
PROV265;Ormond;;;;;;;;;;;;;x;;;;
PROV268;Dunmuir;;;;;;;;;;;;;x;;;;
PROV269;Lowden;;;;;;;;;;;;;x;;;;
PROV270;Argyll;;;;;;;;;;;;;x;;;;
PROV271;Dumbartonshire;;;;;;;;;;;;;x;;;;
PROV272;Galloway;;;;;;;;;;;;;x;;;;
PROV273;Glamorgan;;;;;;;;;;;;;x;;;;
PROV274;Carmarthen;;;;;;;;;;;;;x;;;;
PROV280;Northumberland;;;;;;;;;;;;;x;;;;
PROV290;Lincolnshire;;;;;;;;;;;;;x;;;;
PROV293;Essex;;;;;;;;;;;;;x;;;;
PROV299;Cornwall;;;;;;;;;;;;;x;;;;
PROV303;Hampshire;;;;;;;;;;;;;x;;;;
PROV304;Mann;;;;;;;;;;;;;x;;;;
PROV305;Trondelag;;;;;;;;;;;;;x;;;;
PROV306;Nordland;;;;;;;;;;;;;x;;;;
PROV307;Finnmark;;;;;;;;;;;;;x;;;;
PROV308;Romsdal;;;;;;;;;;;;;x;;;;
PROV309;Bergenhus;;;;;;;;;;;;;x;;;;
PROV310;Agdesiden;;;;;;;;;;;;;x;;;;
PROV312;Bratsberg;;;;;;;;;;;;;x;;;;
PROV313;Akershus;;;;;;;;;;;;;x;;;;
PROV314;Uplands;;;;;;;;;;;;;x;;;;
PROV316;Smalenene;;;;;;;;;;;;;x;;;;
PROV317;Helsingia;;;;;;;;;;;;;x;;;;
PROV319;Jamtland;;;;;;;;;;;;;x;;;;
PROV320;Lapland;;;;;;;;;;;;;x;;;;
PROV321;Jokkmokk;;;;;;;;;;;;;x;;;;
PROV323;Bergslagen;;;;;;;;;;;;;x;;;;
PROV325;East Gothland;;;;;;;;;;;;;x;;;;
PROV327;Nerike;;;;;;;;;;;;;x;;;;
PROV328;Dalsland;;;;;;;;;;;;;x;;;;
PROV329;Bohuslan;;;;;;;;;;;;;x;;;;
PROV330;Elfsborg;;;;;;;;;;;;;x;;;;
PROV333;Small Lands;;;;;;;;;;;;;x;;;;
PROV334;Halland;;;;;;;;;;;;;x;;;;
PROV335;Christianstad;;;;;;;;;;;;;x;;;;
PROV337;Kajanaland;;;;;;;;;;;;;x;;;;
PROV338;Enare;;;;;;;;;;;;;x;;;;
PROV339;Kexholm;;;;;;;;;;;;;x;;;;
PROV340;Viborg;;;;;;;;;;;;;x;;;;
PROV341;Savonia;;;;;;;;;;;;;x;;;;
PROV342;Karelia;;;;;;;;;;;;;x;;;;
PROV343;Newland;;;;;;;;;;;;;x;;;;
PROV344;Tavastia;;;;;;;;;;;;;x;;;;
PROV345;Abo;;;;;;;;;;;;;x;;;;
PROV347;Birkaland;;;;;;;;;;;;;x;;;;
PROV348;Aland;;;;;;;;;;;;;x;;;;
PROV353;Saaremaa;;;;;;;;;;;;;x;;;;
PROV355;Cesis;;;;;;;;;;;;;x;;;;
PROV356;Latgola;;;;;;;;;;;;;x;;;;
PROV357;Jelgava;;;;;;;;;;;;;x;;;;
PROV359;Kuldiga;;;;;;;;;;;;;x;;;;
PROV360;Kaunas;;;;;;;;;;;;;x;;;;
PROV362;Trakai;;;;;;;;;;;;;x;;;;
PROV363;Kaunas;;;;;;;;;;;;;x;;;;
PROV364;emaiteje;;;;;;;;;;;;;x;;;;
PROV366;East Jutland;;;;;;;;;;;;;x;;;;
PROV367;North Jutland;;;;;;;;;;;;;x;;;;
PROV368;West Jutland;;;;;;;;;;;;;x;;;;
PROV369;Holsatia;;;;;;;;;;;;;x;;;;
PROV371;Sleswick;;;;;;;;;;;;;x;;;;
PROV372;Lolland;;;;;;;;;;;;;x;;;;
PROV373;Fyn;;;;;;;;;;;;;x;;;;
PROV374;Bornholm;;;;;;;;;;;;;x;;;;
PROV377;Utrecht;;;;;;;;;;;;;x;;;;
PROV378;Zealand;;;;;;;;;;;;;x;;;;
PROV381;Upper Guelders;;;;;;;;;;;;;x;;;;
PROV384;Oversticht;;;;;;;;;;;;;x;;;;
PROV387;Brussels;;;;;;;;;;;;;x;;;;
PROV388;Flanders;;;;;;;;;;;;;x;;;;
PROV389;Ghent;;;;;;;;;;;;;x;;;;
PROV390;Antwerp;;;;;;;;;;;;;x;;;;
PROV391;Loon;;;;;;;;;;;;;x;;;;
PROV392;Namur;;;;;;;;;;;;;x;;;;
PROV393;Heynowes;;;;;;;;;;;;;x;;;;
PROV395;Luke;;;;;;;;;;;;;x;;;;
PROV397;Luxembourg;;;;;;;;;;;;;x;;;;
PROV400;Calais;;;;;;;;;;;;;x;;;;
PROV401;Artesia;;;;;;;;;;;;;x;;;;
PROV402;Picardy;;;;;;;;;;;;;x;;;;
PROV403;Reims;;;;;;;;;;;;;x;;;;
PROV404;Camerick;;;;;;;;;;;;;x;;;;
PROV405;Rethel;;;;;;;;;;;;;x;;;;
PROV406;Troyes;;;;;;;;;;;;;x;;;;
PROV408;Reims;;;;;;;;;;;;;x;;;;
PROV409;Elsass;;;;;;;;;;;;;x;;;;
PROV410;Sundgau;;;;;;;;;;;;;x;;;;
PROV412;Three Bishoprics;;;;;;;;;;;;;x;;;;
PROV413;Barrois;;;;;;;;;;;;;x;;;;
PROV414;Lorraine;;;;;;;;;;;;;x;;;;
PROV422;Vannes;;;;;;;;;;;;;x;;;;
PROV423;Nantes;;;;;;;;;;;;;x;;;;
PROV426;Chartres;;;;;;;;;;;;;x;;;;
PROV427;Troyes;;;;;;;;;;;;;x;;;;
PROV430;Nevers;;;;;;;;;;;;;x;;;;
PROV431;Charolles;;;;;;;;;;;;;x;;;;
PROV434;Anjou;;;;;;;;;;;;;x;;;;
PROV435;Tours;;;;;;;;;;;;;x;;;;
PROV438;Orleanais;;;;;;;;;;;;;x;;;;
PROV439;Berry;;;;;;;;;;;;;x;;;;
PROV442;Lower Poitou;;;;;;;;;;;;;x;;;;
PROV443;Upper Poitou;;;;;;;;;;;;;x;;;;
PROV444;Perigord;;;;;;;;;;;;;x;;;;
PROV445;Limousin;;;;;;;;;;;;;x;;;;
PROV449;Auvergne;;;;;;;;;;;;;x;;;;
PROV450;Quercy;;;;;;;;;;;;;x;;;;
PROV451;Lyons;;;;;;;;;;;;;x;;;;
PROV454;Dauphiny;;;;;;;;;;;;;x;;;;
PROV455;Toulouse;;;;;;;;;;;;;x;;;;
PROV457;Bearn;;;;;;;;;;;;;x;;;;
PROV458;Aquitaine;;;;;;;;;;;;;x;;;;
PROV459;Armagnac;;;;;;;;;;;;;x;;;;
PROV460;Labourd;;;;;;;;;;;;;x;;;;
PROV461;Montpellier;;;;;;;;;;;;;x;;;;
PROV462;Viviers;;;;;;;;;;;;;x;;;;
PROV463;Narbona;;;;;;;;;;;;;x;;;;
PROV464;Roussillon;;;;;;;;;;;;;x;;;;
PROV471;Forcalquier;;;;;;;;;;;;;x;;;;
PROV472;Nice;;;;;;;;;;;;;x;;;;
PROV473;Corsica;;;;;;;;;;;;;x;;;;
PROV474;Santiago;;;;;;;;;;;;;x;;;;
PROV475;Asturias;;;;;;;;;;;;;x;;;;
PROV477;Leon;;;;;;;;;;;;;x;;;;
PROV478;Cantabria;;;;;;;;;;;;;x;;;;
PROV481;Rioja;;;;;;;;;;;;;x;;;;
PROV483;Old Castile;;;;;;;;;;;;;x;;;;
PROV484;Badajos;;;;;;;;;;;;;x;;;;
PROV486;Caceres;;;;;;;;;;;;;x;;;;
PROV487;Madrid;;;;;;;;;;;;;x;;;;
PROV488;Soria;;;;;;;;;;;;;x;;;;
PROV489;Toledo;;;;;;;;;;;;;x;;;;
PROV490;Cuenca;;;;;;;;;;;;;x;;;;
PROV491;La Mancha;;;;;;;;;;;;;x;;;;
PROV492;Biscay;;;;;;;;;;;;;x;;;;
PROV493;Navarre;;;;;;;;;;;;;x;;;;
PROV494;Rioja;;;;;;;;;;;;;x;;;;
PROV495;Saragossa;;;;;;;;;;;;;x;;;;
PROV496;Pyrenees;;;;;;;;;;;;;x;;;;
PROV497;Teruel;;;;;;;;;;;;;x;;;;
PROV498;Barcelona;;;;;;;;;;;;;x;;;;
PROV499;Girona;;;;;;;;;;;;;x;;;;
PROV500;Urgell;;;;;;;;;;;;;x;;;;
PROV501;Tarragona;;;;;;;;;;;;;x;;;;
PROV502;The Baleares;;;;;;;;;;;;;x;;;;
PROV503;Valencia;;;;;;;;;;;;;x;;;;
PROV505;Alicante;;;;;;;;;;;;;x;;;;
PROV510;Cordova;;;;;;;;;;;;;x;;;;
PROV518;Oporto;;;;;;;;;;;;;x;;;;
PROV519;Braganza;;;;;;;;;;;;;x;;;;
PROV520;Beira;;;;;;;;;;;;;x;;;;
PROV527;Algarve;;;;;;;;;;;;;x;;;;
PROV529;Lauenburg;;;;;;;;;;;;;x;;;;
PROV532;Lunenburg;;;;;;;;;;;;;x;;;;
PROV533;Ditmarsh;;;;;;;;;;;;;x;;;;
PROV534;Hanover;;;;;;;;;;;;;x;;;;
PROV539;Bremen;;;;;;;;;;;;;x;;;;
PROV543;East Frisia;;;;;;;;;;;;;x;;;;
PROV544;Wismar;;;;;;;;;;;;;x;;;;
PROV545;Uckermark;;;;;;;;;;;;;x;;;;
PROV546;Stettin;;;;;;;;;;;;;x;;;;
PROV547;Greifswald;;;;;;;;;;;;;x;;;;
PROV548;Stralsund;;;;;;;;;;;;;x;;;;
PROV550;Potsdam;;;;;;;;;;;;;x;;;;
PROV551;Ruppin;;;;;;;;;;;;;x;;;;
PROV552;Niederlausitz;;;;;;;;;;;;;x;;;;
PROV553;Magdeburg;;;;;;;;;;;;;x;;;;
PROV554;Thuringia;;;;;;;;;;;;;x;;;;
PROV555;Anhalt;;;;;;;;;;;;;x;;;;
PROV556;Wittenberg;;;;;;;;;;;;;x;;;;
PROV557;Old March;;;;;;;;;;;;;x;;;;
PROV558;Dresden;;;;;;;;;;;;;x;;;;
PROV559;Leipzig;;;;;;;;;;;;;x;;;;
PROV560;Vogtland;;;;;;;;;;;;;x;;;;
PROV565;Nassau;;;;;;;;;;;;;x;;;;
PROV566;Cassel;;;;;;;;;;;;;x;;;;
PROV567;Hessia;;;;;;;;;;;;;x;;;;
PROV569;Heidelberg;;;;;;;;;;;;;x;;;;
PROV570;Mayence;;;;;;;;;;;;;x;;;;
PROV571;Pfalz;;;;;;;;;;;;;x;;;;
PROV572;Treves;;;;;;;;;;;;;x;;;;
PROV575;Cologne;;;;;;;;;;;;;x;;;;
PROV576;Aix-la-Chapelle;;;;;;;;;;;;;x;;;;
PROV578;Berg;;;;;;;;;;;;;x;;;;
PROV579;Coblence;;;;;;;;;;;;;x;;;;
PROV583;Westphalia;;;;;;;;;;;;;x;;;;
PROV585;Paderborn;;;;;;;;;;;;;x;;;;
PROV586;Baden;;;;;;;;;;;;;x;;;;
PROV587;Breisgau;;;;;;;;;;;;;x;;;;
PROV588;Constance;;;;;;;;;;;;;x;;;;
PROV590;Ansbach;;;;;;;;;;;;;x;;;;
PROV591;Wurttemberg;;;;;;;;;;;;;x;;;;
PROV592;Memmingen;;;;;;;;;;;;;x;;;;
PROV593;Ulm;;;;;;;;;;;;;x;;;;
PROV595;Nyremvergi;;;;;;;;;;;;;x;;;;
PROV597;Wurzburg;;;;;;;;;;;;;x;;;;
PROV598;Bambarch;;;;;;;;;;;;;x;;;;
PROV599;Munchen;;;;;;;;;;;;;x;;;;
PROV600;Straoubing;;;;;;;;;;;;;x;;;;
PROV601;Ingolstadt;;;;;;;;;;;;;x;;;;
PROV602;Áno Palatinato;;;;;;;;;;;;;x;;;;
PROV603;St Gall;;;;;;;;;;;;;x;;;;
PROV605;Berne;;;;;;;;;;;;;x;;;;
PROV608;Vaud;;;;;;;;;;;;;x;;;;
PROV609;Valais;;;;;;;;;;;;;x;;;;
PROV610;Micronesia;;;;;;;;;;;;;x;;;;
PROV611;Grisons;;;;;;;;;;;;;x;;;;
PROV613;Saltsvourgo;;;;;;;;;;;;;x;;;;
PROV614;Tirol;;;;;;;;;;;;;x;;;;
PROV615;Lianz;;;;;;;;;;;;;x;;;;
PROV616;Graz;;;;;;;;;;;;;x;;;;
PROV617;Steiamoak;;;;;;;;;;;;;x;;;;
PROV618;Karnten;;;;;;;;;;;;;x;;;;
PROV619;Vienni;;;;;;;;;;;;;x;;;;
PROV621;Ostmark;;;;;;;;;;;;;x;;;;
PROV622;Lints;;;;;;;;;;;;;x;;;;
PROV625;Prag;;;;;;;;;;;;;x;;;;
PROV626;Koniggratz;;;;;;;;;;;;;x;;;;
PROV627;Karlsbad;;;;;;;;;;;;;x;;;;
PROV628;Erzgebirge;;;;;;;;;;;;;x;;;;
PROV629;Pilsen;;;;;;;;;;;;;x;;;;
PROV630;Budweis;;;;;;;;;;;;;x;;;;
PROV632;Olmutz;;;;;;;;;;;;;x;;;;
PROV633;Pressburg;;;;;;;;;;;;;x;;;;
PROV634;Trentschin;;;;;;;;;;;;;x;;;;
PROV637;Semmlin;;;;;;;;;;;;;x;;;;
PROV641;Pest;;;;;;;;;;;;;x;;;;
PROV646;Solnok;;;;;;;;;;;;;x;;;;
PROV647;Oradea;;;;;;;;;;;;;x;;;;
PROV648;Debretsen;;;;;;;;;;;;;x;;;;
PROV650;Bekes;;;;;;;;;;;;;x;;;;
PROV652;Torontal;;;;;;;;;;;;;x;;;;
PROV653;Timis;;;;;;;;;;;;;x;;;;
PROV656;Deva;;;;;;;;;;;;;x;;;;
PROV658;Hawai'i;;;;;;;;;;;;;x;;;;
PROV660;Maris;;;;;;;;;;;;;x;;;;
PROV661;Maramoures;;;;;;;;;;;;;x;;;;
PROV667;Tirgoviste;;;;;;;;;;;;;x;;;;
PROV674;Silistria;;;;;;;;;;;;;x;;;;
PROV677;Bender;;;;;;;;;;;;;x;;;;
PROV678;Vessaravia;;;;;;;;;;;;;x;;;;
PROV679;Kolberg;;;;;;;;;;;;;x;;;;
PROV680;Stolp;;;;;;;;;;;;;x;;;;
PROV681;Glogau;;;;;;;;;;;;;x;;;;
PROV685;Ratibor;;;;;;;;;;;;;x;;;;
PROV687;Oberlausitz;;;;;;;;;;;;;x;;;;
PROV690;Danzig;;;;;;;;;;;;;x;;;;
PROV691;Tuchel;;;;;;;;;;;;;x;;;;
PROV692;Neumark;;;;;;;;;;;;;x;;;;
PROV693;Marienburg;;;;;;;;;;;;;x;;;;
PROV694;Kulm;;;;;;;;;;;;;x;;;;
PROV696;Ostroda;;;;;;;;;;;;;x;;;;
PROV698;Klaipieda;;;;;;;;;;;;;x;;;;
PROV699;Posen;;;;;;;;;;;;;x;;;;
PROV700;Netze;;;;;;;;;;;;;x;;;;
PROV701;Gnesen;;;;;;;;;;;;;x;;;;
PROV702;Belz;;;;;;;;;;;;;x;;;;
PROV703;Krakau;;;;;;;;;;;;;x;;;;
PROV704;Nowy Sacz;;;;;;;;;;;;;x;;;;
PROV706;Warschau;;;;;;;;;;;;;x;;;;
PROV707;Szczytno;;;;;;;;;;;;;x;;;;
PROV708;Plock;;;;;;;;;;;;;x;;;;
PROV709;Wizna;;;;;;;;;;;;;x;;;;
PROV710;Lentschitza;;;;;;;;;;;;;x;;;;
PROV711;Podlasie;;;;;;;;;;;;;x;;;;
PROV712;Schieratz;;;;;;;;;;;;;x;;;;
PROV713;Sandomir;;;;;;;;;;;;;x;;;;
PROV714;Tarnau;;;;;;;;;;;;;x;;;;
PROV715;Lublin;;;;;;;;;;;;;x;;;;
PROV717;Gnesen;;;;;;;;;;;;;x;;;;
PROV718;Minsk;;;;;;;;;;;;;x;;;;
PROV719;Podlasie;;;;;;;;;;;;;x;;;;
PROV720;Cuneo;;;;;;;;;;;;;x;;;;
PROV721;Piemont;;;;;;;;;;;;;x;;;;
PROV722;Novara;;;;;;;;;;;;;x;;;;
PROV723;Montferrat;;;;;;;;;;;;;x;;;;
PROV724;Genoa;;;;;;;;;;;;;x;;;;
PROV725;Albenga;;;;;;;;;;;;;x;;;;
PROV726;Cremuna;;;;;;;;;;;;;x;;;;
PROV727;Bresa;;;;;;;;;;;;;x;;;;
PROV728;Mantua;;;;;;;;;;;;;x;;;;
PROV729;Venezia;;;;;;;;;;;;;x;;;;
PROV730;Verona;;;;;;;;;;;;;x;;;;
PROV732;Trevixo;;;;;;;;;;;;;x;;;;
PROV733;Friul;;;;;;;;;;;;;x;;;;
PROV734;Trent;;;;;;;;;;;;;x;;;;
PROV736;Istra;;;;;;;;;;;;;x;;;;
PROV738;Parma;;;;;;;;;;;;;x;;;;
PROV739;Modna;;;;;;;;;;;;;x;;;;
PROV740;Lucca;;;;;;;;;;;;;x;;;;
PROV742;Ferrara;;;;;;;;;;;;;x;;;;
PROV743;Romagna;;;;;;;;;;;;;x;;;;
PROV744;Arezzo;;;;;;;;;;;;;x;;;;
PROV745;Pisa;;;;;;;;;;;;;x;;;;
PROV746;Lucca;;;;;;;;;;;;;x;;;;
PROV751;Umbria;;;;;;;;;;;;;x;;;;
PROV752;Urbino;;;;;;;;;;;;;x;;;;
PROV753;Abruzze;;;;;;;;;;;;;x;;;;
PROV754;Napule;;;;;;;;;;;;;x;;;;
PROV755;Salierno;;;;;;;;;;;;;x;;;;
PROV756;Bare;;;;;;;;;;;;;x;;;;
PROV757;Capitanata;;;;;;;;;;;;;x;;;;
PROV758;Salentu;;;;;;;;;;;;;x;;;;
PROV759;Calabbria;;;;;;;;;;;;;x;;;;
PROV760;Cusenza;;;;;;;;;;;;;x;;;;
PROV761;Lucania;;;;;;;;;;;;;x;;;;
PROV762;Palermu;;;;;;;;;;;;;x;;;;
PROV763;Missina;;;;;;;;;;;;;x;;;;
PROV764;Sarausa;;;;;;;;;;;;;x;;;;
PROV765;Casteddu;;;;;;;;;;;;;x;;;;
PROV766;Sassari;;;;;;;;;;;;;x;;;;
PROV768;Kranjska;;;;;;;;;;;;;x;;;;
PROV769;Gorica;;;;;;;;;;;;;x;;;;
PROV773;Lika;;;;;;;;;;;;;x;;;;
PROV782;Dubrovnik;;;;;;;;;;;;;x;;;;
PROV783;Visoki;;;;;;;;;;;;;x;;;;
PROV785;Donji Kraji;;;;;;;;;;;;;x;;;;
PROV786;Bosna;;;;;;;;;;;;;x;;;;
PROV787;Visoki;;;;;;;;;;;;;x;;;;
PROV788;Travunija;;;;;;;;;;;;;x;;;;
PROV789;Hercegovina;;;;;;;;;;;;;x;;;;
PROV790;Lamba;;;;;;;;;;;;;x;;;;
PROV792;Srem;;;;;;;;;;;;;x;;;;
PROV794;Beograd;;;;;;;;;;;;;x;;;;
PROV795;Branicevo;;;;;;;;;;;;;x;;;;
PROV797;Smederevo;;;;;;;;;;;;;x;;;;
PROV800;Zeta;;;;;;;;;;;;;x;;;;
PROV801;Totaiete ma;;;;;;;;;;;;;x;;;;
PROV804;Raka;;;;;;;;;;;;;x;;;;
PROV810;Vidin;;;;;;;;;;;;;x;;;;
PROV812;Tarnovo;;;;;;;;;;;;;x;;;;
PROV817;Burgas;;;;;;;;;;;;;x;;;;
PROV818;Silistria;;;;;;;;;;;;;x;;;;
PROV837;Ipeiros;;;;;;;;;;;;;x;;;;
PROV838;Euboea;;;;;;;;;;;;;x;;;;
PROV839;Morea;;;;;;;;;;;;;x;;;;
PROV845;Cyclades;;;;;;;;;;;;;x;;;;
PROV846;Rhodes;;;;;;;;;;;;;x;;;;
PROV850;Scutari;;;;;;;;;;;;;x;;;;
PROV851;Durazzo;;;;;;;;;;;;;x;;;;
PROV852;Valona;;;;;;;;;;;;;x;;;;
PROV854;Malta;;;;;;;;;;;;;x;;;;
PROV860;Constantinople;;;;;;;;;;;;;x;;;;
PROV863;Hudavendigar;;;;;;;;;;;;;x;;;;
PROV864;Karasi;;;;;;;;;;;;;x;;;;
PROV866;Nikopolis;;;;;;;;;;;;;x;;;;
PROV867;Kotyaeion;;;;;;;;;;;;;x;;;;
PROV868;Sultanonu;;;;;;;;;;;;;x;;;;
PROV869;Tralleis;;;;;;;;;;;;;x;;;;
PROV870;Magnesia;;;;;;;;;;;;;x;;;;
PROV871;Laodikeia;;;;;;;;;;;;;x;;;;
PROV872;Mylasa;;;;;;;;;;;;;x;;;;
PROV873;Koloneia;;;;;;;;;;;;;x;;;;
PROV874;Baris;;;;;;;;;;;;;x;;;;
PROV875;Attaleia;;;;;;;;;;;;;x;;;;
PROV876;Ioustinianoupolis;;;;;;;;;;;;;x;;;;
PROV877;Taouion;;;;;;;;;;;;;x;;;;
PROV878;Kaisareia;;;;;;;;;;;;;x;;;;
PROV879;Tokat;;;;;;;;;;;;;x;;;;
PROV880;Gangra;;;;;;;;;;;;;x;;;;
PROV881;Vithynion;;;;;;;;;;;;;x;;;;
PROV882;Trebizond;;;;;;;;;;;;;x;;;;
PROV883;Sinopi;;;;;;;;;;;;;x;;;;
PROV884;Canik;;;;;;;;;;;;;x;;;;
PROV885;Bayazid;;;;;;;;;;;;;x;;;;
PROV886;Oltu;;;;;;;;;;;;;x;;;;
PROV887;Arzan ar-Rum;;;;;;;;;;;;;x;;;;
PROV888;Arzanjan;;;;;;;;;;;;;x;;;;
PROV889;Tefriki;;;;;;;;;;;;;x;;;;
PROV890;Van;;;;;;;;;;;;;x;;;;
PROV891;Mush;;;;;;;;;;;;;x;;;;
PROV892;Hisn Kayfa;;;;;;;;;;;;;x;;;;
PROV893;Diyar-e Bekr;;;;;;;;;;;;;x;;;;
PROV894;Kilikia;;;;;;;;;;;;;x;;;;
PROV895;Zefyrion;;;;;;;;;;;;;x;;;;
PROV896;Germanikeia;;;;;;;;;;;;;x;;;;
PROV897;Veroia;;;;;;;;;;;;;x;;;;
PROV898;Ayntab;;;;;;;;;;;;;x;;;;
PROV899;Malatiyeh;;;;;;;;;;;;;x;;;;
PROV900;Antiocheia;;;;;;;;;;;;;x;;;;
PROV901;Mardin;;;;;;;;;;;;;x;;;;
PROV902;Damaskos;;;;;;;;;;;;;x;;;;
PROV903;Emesa;;;;;;;;;;;;;x;;;;
PROV904;Emathous;;;;;;;;;;;;;x;;;;
PROV905;Tarabulus;;;;;;;;;;;;;x;;;;
PROV906;as-Suwayda';;;;;;;;;;;;;x;;;;
PROV907;Tadmur;;;;;;;;;;;;;x;;;;
PROV908;Al Karak;;;;;;;;;;;;;x;;;;
PROV909;Atzloun;;;;;;;;;;;;;x;;;;
PROV910;Ázrak;;;;;;;;;;;;;x;;;;
PROV911;Maan;;;;;;;;;;;;;x;;;;
PROV916;Ákra;;;;;;;;;;;;;x;;;;
PROV917;Ierosolyma;;;;;;;;;;;;;x;;;;
PROV920;Ghazzah;;;;;;;;;;;;;x;;;;
PROV922;al-'Aqabah;;;;;;;;;;;;;x;;;;
PROV923;Mowsel;;;;;;;;;;;;;x;;;;
PROV924;Arbil;;;;;;;;;;;;;x;;;;
PROV925;Soleymaniyyeh;;;;;;;;;;;;;x;;;;
PROV926;Baghdad;;;;;;;;;;;;;x;;;;
PROV927;Shengal;;;;;;;;;;;;;x;;;;
PROV928;Qazaniyeh;;;;;;;;;;;;;x;;;;
PROV929;Tekrit;;;;;;;;;;;;;x;;;;
PROV930;Wasit;;;;;;;;;;;;;x;;;;
PROV931;Haditheh;;;;;;;;;;;;;x;;;;
PROV932;Basra;;;;;;;;;;;;;x;;;;
PROV933;Arvand Rud;;;;;;;;;;;;;x;;;;
PROV934;Karbala;;;;;;;;;;;;;x;;;;
PROV935;Koveyt;;;;;;;;;;;;;x;;;;
PROV936;Grodno;;;;;;;;;;;;;x;;;;
PROV937;Brest;;;;;;;;;;;;;x;;;;
PROV938;Vilnius;;;;;;;;;;;;;x;;;;
PROV941;Ovrouts;;;;;;;;;;;;;x;;;;
PROV942;Mozyr;;;;;;;;;;;;;x;;;;
PROV943;Mstislavl;;;;;;;;;;;;;x;;;;
PROV944;Mogilyov;;;;;;;;;;;;;x;;;;
PROV945;Vitebsk;;;;;;;;;;;;;x;;;;
PROV946;Polotsk;;;;;;;;;;;;;x;;;;
PROV947;Braslav;;;;;;;;;;;;;x;;;;
PROV948;Ula;;;;;;;;;;;;;x;;;;
PROV950;Semmlin;;;;;;;;;;;;;x;;;;
PROV951;Peremyshl;;;;;;;;;;;;;x;;;;
PROV952;Belz;;;;;;;;;;;;;x;;;;
PROV953;Galich;;;;;;;;;;;;;x;;;;
PROV955;Podolye;;;;;;;;;;;;;x;;;;
PROV956;Rovno;;;;;;;;;;;;;x;;;;
PROV957;Lodomeria;;;;;;;;;;;;;x;;;;
PROV958;Kiyev;;;;;;;;;;;;;x;;;;
PROV959;Zitomir;;;;;;;;;;;;;x;;;;
PROV960;Vinitsa;;;;;;;;;;;;;x;;;;
PROV961;Tserkassi;;;;;;;;;;;;;x;;;;
PROV962;Chernigov;;;;;;;;;;;;;x;;;;
PROV963;Pereyiaslaf;;;;;;;;;;;;;x;;;;
PROV964;Tavrida;;;;;;;;;;;;;x;;;;
PROV965;Chersona;;;;;;;;;;;;;x;;;;
PROV966;Theodosia;;;;;;;;;;;;;x;;;;
PROV967;Theodorous;;;;;;;;;;;;;x;;;;
PROV968;Yedisan;;;;;;;;;;;;;x;;;;
PROV970;Pantikapes;;;;;;;;;;;;;x;;;;
PROV972;Zaporozie;;;;;;;;;;;;;x;;;;
PROV973;Chersona;;;;;;;;;;;;;x;;;;
PROV974;Mansur;;;;;;;;;;;;;x;;;;
PROV977;Severschina;;;;;;;;;;;;;x;;;;
PROV981;Solvychegodsk;;;;;;;;;;;;;x;;;;
PROV984;White Karelia;;;;;;;;;;;;;x;;;;
PROV987;Yemdyn;;;;;;;;;;;;;x;;;;
PROV988;Olonets;;;;;;;;;;;;;x;;;;
PROV989;Beloozero;;;;;;;;;;;;;x;;;;
PROV990;Sol-Galitskaya;;;;;;;;;;;;;x;;;;
PROV991;Velsk;;;;;;;;;;;;;x;;;;
PROV992;Vyshny Volochyok;;;;;;;;;;;;;x;;;;
PROV993;Kargopol;;;;;;;;;;;;;x;;;;
PROV994;Shlisselburg;;;;;;;;;;;;;x;;;;
PROV996;Ingria;;;;;;;;;;;;;x;;;;
PROV997;Pleskov;;;;;;;;;;;;;x;;;;
PROV998;Zubtsov;;;;;;;;;;;;;x;;;;
PROV999;Toropets;;;;;;;;;;;;;x;;;;
PROV1000;Bezhetsk;;;;;;;;;;;;;x;;;;
PROV1001;Yuryev;;;;;;;;;;;;;x;;;;
PROV1002;Hulan;;;;;;;;;;;;;x;;;;
PROV1003;Kholm;;;;;;;;;;;;;x;;;;
PROV1004;Tikhvin;;;;;;;;;;;;;x;;;;
PROV1005;Torzhok;;;;;;;;;;;;;x;;;;
PROV1006;Ostrov;;;;;;;;;;;;;x;;;;
PROV1007;Luki;;;;;;;;;;;;;x;;;;
PROV1009;Kolomna;;;;;;;;;;;;;x;;;;
PROV1010;Kaluga;;;;;;;;;;;;;x;;;;
PROV1011;Tula;;;;;;;;;;;;;x;;;;
PROV1012;Pronsk;;;;;;;;;;;;;x;;;;
PROV1013;Vladimir;;;;;;;;;;;;;x;;;;
PROV1014;Mozhaysk;;;;;;;;;;;;;x;;;;
PROV1015;Mstislavl;;;;;;;;;;;;;x;;;;
PROV1016;Trubchevsk;;;;;;;;;;;;;x;;;;
PROV1017;Yelets;;;;;;;;;;;;;x;;;;
PROV1018;Severschina;;;;;;;;;;;;;x;;;;
PROV1019;Voronezh;;;;;;;;;;;;;x;;;;
PROV1020;Murom;;;;;;;;;;;;;x;;;;
PROV1021;Penza;;;;;;;;;;;;;x;;;;
PROV1022;Starodub;;;;;;;;;;;;;x;;;;
PROV1023;Mologa;;;;;;;;;;;;;x;;;;
PROV1024;Galich;;;;;;;;;;;;;x;;;;
PROV1025;Xankirman;;;;;;;;;;;;;x;;;;
PROV1026;Solikamsk;;;;;;;;;;;;;x;;;;
PROV1027;Vetluga;;;;;;;;;;;;;x;;;;
PROV1028;Khlynov;;;;;;;;;;;;;x;;;;
PROV1029;Kar;;;;;;;;;;;;;x;;;;
PROV1030;Tates;;;;;;;;;;;;;x;;;;
PROV1031;Çalli;;;;;;;;;;;;;x;;;;
PROV1032;Bolgar;;;;;;;;;;;;;x;;;;
PROV1033;Sember;;;;;;;;;;;;;x;;;;
PROV1034;Bouzoulouk;;;;;;;;;;;;;x;;;;
PROV1035;Sember;;;;;;;;;;;;;x;;;;
PROV1036;Ástrachan;;;;;;;;;;;;;x;;;;
PROV1037;Atqara;;;;;;;;;;;;;x;;;;
PROV1038;Pokrofsk;;;;;;;;;;;;;x;;;;
PROV1039;Tsaritsin;;;;;;;;;;;;;x;;;;
PROV1040;Kamisin;;;;;;;;;;;;;x;;;;
PROV1041;Elista;;;;;;;;;;;;;x;;;;
PROV1042;Oufa;;;;;;;;;;;;;x;;;;
PROV1043;Sizran;;;;;;;;;;;;;x;;;;
PROV1044;Aghidhel;;;;;;;;;;;;;x;;;;
PROV1045;Borisoglebsk;;;;;;;;;;;;;x;;;;
PROV1046;Manits;;;;;;;;;;;;;x;;;;
PROV1047;Tanaïs;;;;;;;;;;;;;x;;;;
PROV1048;Tichoretsk;;;;;;;;;;;;;x;;;;
PROV1049;Adigea;;;;;;;;;;;;;x;;;;
PROV1050;Stavroupolis;;;;;;;;;;;;;x;;;;
PROV1051;Kirkasia;;;;;;;;;;;;;x;;;;
PROV1052;Koumouk;;;;;;;;;;;;;x;;;;
PROV1053;Tromero;;;;;;;;;;;;;x;;;;
PROV1054;Alania;;;;;;;;;;;;;x;;;;
PROV1056;Kabardia;;;;;;;;;;;;;x;;;;
PROV1057;Kizliar;;;;;;;;;;;;;x;;;;
PROV1058;Ist?k;;;;;;;;;;;;;x;;;;
PROV1059;Basqort;;;;;;;;;;;;;x;;;;
PROV1060;Silabe;;;;;;;;;;;;;x;;;;
PROV1061;Kurgan;;;;;;;;;;;;;x;;;;
PROV1064;Barnaul;;;;;;;;;;;;;x;;;;
PROV1066;Isker;;;;;;;;;;;;;x;;;;
PROV1067;Pegaya Orda;;;;;;;;;;;;;x;;;;
PROV1068;Altain Urianhai;;;;;;;;;;;;;x;;;;
PROV1072;Okhotsk;;;;;;;;;;;;;x;;;;
PROV1073;Karalveyem;;;;;;;;;;;;;x;;;;
PROV1074;Kamchatka;;;;;;;;;;;;;x;;;;
PROV1077;Pegaya Orda;;;;;;;;;;;;;x;;;;
PROV1078;Bargazhan;;;;;;;;;;;;;x;;;;
PROV1079;Onan Gol;;;;;;;;;;;;;x;;;;
PROV1080;Stanovoy;;;;;;;;;;;;;x;;;;
PROV1081;Chara;;;;;;;;;;;;;x;;;;
PROV1082;Fuerdan;;;;;;;;;;;;;x;;;;
PROV1083;Pijin;;;;;;;;;;;;;x;;;;
PROV1084;Udi;;;;;;;;;;;;;x;;;;
PROV1085;Haiilanboo;;;;;;;;;;;;;x;;;;
PROV1090;Tbilisi;;;;;;;;;;;;;x;;;;
PROV1091;Iberia;;;;;;;;;;;;;x;;;;
PROV1092;Imereti;;;;;;;;;;;;;x;;;;
PROV1093;Kars;;;;;;;;;;;;;x;;;;
PROV1094;Odishi;;;;;;;;;;;;;x;;;;
PROV1095;Abkhazia;;;;;;;;;;;;;x;;;;
PROV1096;Guria;;;;;;;;;;;;;x;;;;
PROV1097;New Caledonia;;;;;;;;;;;;;x;;;;
PROV1098;Iravan;;;;;;;;;;;;;x;;;;
PROV1101;Nakhjavan;;;;;;;;;;;;;x;;;;
PROV1102;Shirvan;;;;;;;;;;;;;x;;;;
PROV1103;Derbent;;;;;;;;;;;;;x;;;;
PROV1104;Saki;;;;;;;;;;;;;x;;;;
PROV1105;Ganjeh;;;;;;;;;;;;;x;;;;
PROV1106;Qarebagh;;;;;;;;;;;;;x;;;;
PROV1107;Shirvan;;;;;;;;;;;;;x;;;;
PROV1108;Meyaneh;;;;;;;;;;;;;x;;;;
PROV1109;Khoy;;;;;;;;;;;;;x;;;;
PROV1110;Orumiyeh;;;;;;;;;;;;;x;;;;
PROV1111;Maragheh;;;;;;;;;;;;;x;;;;
PROV1112;Astara;;;;;;;;;;;;;x;;;;
PROV1113;Rasht;;;;;;;;;;;;;x;;;;
PROV1114;Amol;;;;;;;;;;;;;x;;;;
PROV1115;Sari;;;;;;;;;;;;;x;;;;
PROV1116;Astarabad;;;;;;;;;;;;;x;;;;
PROV1117;Kirmanshah;;;;;;;;;;;;;x;;;;
PROV1118;Ardalan;;;;;;;;;;;;;x;;;;
PROV1119;Ilam;;;;;;;;;;;;;x;;;;
PROV1120;Khorramabad;;;;;;;;;;;;;x;;;;
PROV1121;Teheran;;;;;;;;;;;;;x;;;;
PROV1122;Hamadan;;;;;;;;;;;;;x;;;;
PROV1123;Soltanieh;;;;;;;;;;;;;x;;;;
PROV1124;Qazvin;;;;;;;;;;;;;x;;;;
PROV1126;Semnan;;;;;;;;;;;;;x;;;;
PROV1127;Isfahan;;;;;;;;;;;;;x;;;;
PROV1129;Kashan;;;;;;;;;;;;;x;;;;
PROV1130;Yazd;;;;;;;;;;;;;x;;;;
PROV1131;Hoveyzeh;;;;;;;;;;;;;x;;;;
PROV1132;Ahvaz;;;;;;;;;;;;;x;;;;
PROV1134;Malamir;;;;;;;;;;;;;x;;;;
PROV1135;Darab;;;;;;;;;;;;;x;;;;
PROV1136;Dashtestan;;;;;;;;;;;;;x;;;;
PROV1137;Abarkuh;;;;;;;;;;;;;x;;;;
PROV1138;Siraf;;;;;;;;;;;;;x;;;;
PROV1139;Saidabad;;;;;;;;;;;;;x;;;;
PROV1140;Kerman;;;;;;;;;;;;;x;;;;
PROV1141;Larestan;;;;;;;;;;;;;x;;;;
PROV1142;Hormoz;;;;;;;;;;;;;x;;;;
PROV1143;Bam;;;;;;;;;;;;;x;;;;
PROV1144;Quhistan;;;;;;;;;;;;;x;;;;
PROV1145;Jask;;;;;;;;;;;;;x;;;;
PROV1146;Chabahar;;;;;;;;;;;;;x;;;;
PROV1147;Serachs;;;;;;;;;;;;;x;;;;
PROV1148;Tun;;;;;;;;;;;;;x;;;;
PROV1149;Qumis;;;;;;;;;;;;;x;;;;
PROV1150;Bojnord;;;;;;;;;;;;;x;;;;
PROV1151;Turabah;;;;;;;;;;;;;x;;;;
PROV1152;al-Qunfudhah;;;;;;;;;;;;;x;;;;
PROV1153;al-'Ula;;;;;;;;;;;;;x;;;;
PROV1154;Tabouk;;;;;;;;;;;;;x;;;;
PROV1155;Sa'dah;;;;;;;;;;;;;x;;;;
PROV1156;al-Jawf;;;;;;;;;;;;;x;;;;
PROV1157;al-'Arid;;;;;;;;;;;;;x;;;;
PROV1158;Hafar al-Batin;;;;;;;;;;;;;x;;;;
PROV1159;al-Qaryatayn;;;;;;;;;;;;;x;;;;
PROV1160;Hail;;;;;;;;;;;;;x;;;;
PROV1161;Aflaj;;;;;;;;;;;;;x;;;;
PROV1162;Bahreyn;;;;;;;;;;;;;x;;;;
PROV1163;al-Qatif;;;;;;;;;;;;;x;;;;
PROV1164;Yabrin;;;;;;;;;;;;;x;;;;
PROV1165;Qatar;;;;;;;;;;;;;x;;;;
PROV1166;Masqat;;;;;;;;;;;;;x;;;;
PROV1167;Zufra;;;;;;;;;;;;;x;;;;
PROV1168;ash-Sharjah;;;;;;;;;;;;;x;;;;
PROV1169;al-Buraymi;;;;;;;;;;;;;x;;;;
PROV1170;Nizwa;;;;;;;;;;;;;x;;;;
PROV1171;Ibra';;;;;;;;;;;;;x;;;;
PROV1172;al-Wusta;;;;;;;;;;;;;x;;;;
PROV1173;ash-Shihr;;;;;;;;;;;;;x;;;;
PROV1174;Zufar;;;;;;;;;;;;;x;;;;
PROV1175;al-Ghaydah;;;;;;;;;;;;;x;;;;
PROV1176;Bayhan;;;;;;;;;;;;;x;;;;
PROV1177;Suqutrah;;;;;;;;;;;;;x;;;;
PROV1178;Ma'rib;;;;;;;;;;;;;x;;;;
PROV1179;Zabid;;;;;;;;;;;;;x;;;;
PROV1180;Ta'izz;;;;;;;;;;;;;x;;;;
PROV1181;Baganaly;;;;;;;;;;;;;x;;;;
PROV1182;Kalmikof;;;;;;;;;;;;;x;;;;
PROV1183;Zhetyru;;;;;;;;;;;;;x;;;;
PROV1184;Yesil;;;;;;;;;;;;;x;;;;
PROV1185;Taraz;;;;;;;;;;;;;x;;;;
PROV1186;Qaramegdan;;;;;;;;;;;;;x;;;;
PROV1187;Narym;;;;;;;;;;;;;x;;;;
PROV1188;Ürzhar;;;;;;;;;;;;;x;;;;
PROV1189;Fargona;;;;;;;;;;;;;x;;;;
PROV1190;Kochkor;;;;;;;;;;;;;x;;;;
PROV1191;Urganch;;;;;;;;;;;;;x;;;;
PROV1192;Koneurgenç;;;;;;;;;;;;;x;;;;
PROV1193;Syghanaq;;;;;;;;;;;;;x;;;;
PROV1194;Mangislak;;;;;;;;;;;;;x;;;;
PROV1195;Toshkent;;;;;;;;;;;;;x;;;;
PROV1196;Garagum;;;;;;;;;;;;;x;;;;
PROV1197;Sozaq;;;;;;;;;;;;;x;;;;
PROV1198;Qizilqum;;;;;;;;;;;;;x;;;;
PROV1199;Samarqand;;;;;;;;;;;;;x;;;;
PROV1200;Termez;;;;;;;;;;;;;x;;;;
PROV1201;Khujand;;;;;;;;;;;;;x;;;;
PROV1202;Özgon;;;;;;;;;;;;;x;;;;
PROV1203;Qo'qon;;;;;;;;;;;;;x;;;;
PROV1204;Asgabat;;;;;;;;;;;;;x;;;;
PROV1205;Balkan;;;;;;;;;;;;;x;;;;
PROV1206;Çarjew;;;;;;;;;;;;;x;;;;
PROV1207;Kulob;;;;;;;;;;;;;x;;;;
PROV1208;Yangi Hissar;;;;;;;;;;;;;x;;;;
PROV1209;Kabel;;;;;;;;;;;;;x;;;;
PROV1210;Badakhshan;;;;;;;;;;;;;x;;;;
PROV1211;Balkh;;;;;;;;;;;;;x;;;;
PROV1212;Herat;;;;;;;;;;;;;x;;;;
PROV1213;Ghor;;;;;;;;;;;;;x;;;;
PROV1214;Chakhansur;;;;;;;;;;;;;x;;;;
PROV1215;Bost;;;;;;;;;;;;;x;;;;
PROV1216;Adinapur;;;;;;;;;;;;;x;;;;
PROV1217;Gazni;;;;;;;;;;;;;x;;;;
PROV1218;Pekhawar;;;;;;;;;;;;;x;;;;
PROV1219;Quetta;;;;;;;;;;;;;x;;;;
PROV1221;Qalat;;;;;;;;;;;;;x;;;;
PROV1222;Bela;;;;;;;;;;;;;x;;;;
PROV1223;Baltiyul;;;;;;;;;;;;;x;;;;
PROV1224;Keshira;;;;;;;;;;;;;x;;;;
PROV1226;La'dwags;;;;;;;;;;;;;x;;;;
PROV1227;Lahor;;;;;;;;;;;;;x;;;;
PROV1228;Derajata;;;;;;;;;;;;;x;;;;
PROV1229;Si'alakota;;;;;;;;;;;;;x;;;;
PROV1230;Margalla;;;;;;;;;;;;;x;;;;
PROV1231;Cholistan;;;;;;;;;;;;;x;;;;
PROV1232;Sidha Sagara Du'aba;;;;;;;;;;;;;x;;;;
PROV1233;Bist Do'aba;;;;;;;;;;;;;x;;;;
PROV1235;Garhavala;;;;;;;;;;;;;x;;;;
PROV1236;Delhi;;;;;;;;;;;;;x;;;;
PROV1238;Kuma'um;;;;;;;;;;;;;x;;;;
PROV1239;Katehar;;;;;;;;;;;;;x;;;;
PROV1240;Central Doab;;;;;;;;;;;;;x;;;;
PROV1241;Kalapi;;;;;;;;;;;;;x;;;;
PROV1242;Bahara'ica;;;;;;;;;;;;;x;;;;
PROV1243;Kama Doaba;;;;;;;;;;;;;x;;;;
PROV1245;Varanasi;;;;;;;;;;;;;x;;;;
PROV1246;Gorakhapura;;;;;;;;;;;;;x;;;;
PROV1247;Tirahuta;;;;;;;;;;;;;x;;;;
PROV1248;Patana;;;;;;;;;;;;;x;;;;
PROV1249;Jharakhanda;;;;;;;;;;;;;x;;;;
PROV1250;Bhagalapura;;;;;;;;;;;;;x;;;;
PROV1251;Bengal Delta;;;;;;;;;;;;;x;;;;
PROV1252;Barind;;;;;;;;;;;;;x;;;;
PROV1253;Lakhanaura;;;;;;;;;;;;;x;;;;
PROV1254;Nasirabad;;;;;;;;;;;;;x;;;;
PROV1255;Barind;;;;;;;;;;;;;x;;;;
PROV1256;Sunderbans;;;;;;;;;;;;;x;;;;
PROV1257;Dhaka;;;;;;;;;;;;;x;;;;
PROV1258;Koch Hajo;;;;;;;;;;;;;x;;;;
PROV1259;Cachar;;;;;;;;;;;;;x;;;;
PROV1260;Assam;;;;;;;;;;;;;x;;;;
PROV1261;Medinipura;;;;;;;;;;;;;x;;;;
PROV1262;Khurda;;;;;;;;;;;;;x;;;;
PROV1263;Sambalapura;;;;;;;;;;;;;x;;;;
PROV1264;Ajamera;;;;;;;;;;;;;x;;;;
PROV1265;Jaisalamera;;;;;;;;;;;;;x;;;;
PROV1266;Goravara;;;;;;;;;;;;;x;;;;
PROV1267;Jangladesha;;;;;;;;;;;;;x;;;;
PROV1268;Mevata;;;;;;;;;;;;;x;;;;
PROV1269;Mevara;;;;;;;;;;;;;x;;;;
PROV1270;Gird;;;;;;;;;;;;;x;;;;
PROV1271;Mandasaura;;;;;;;;;;;;;x;;;;
PROV1272;Mandu;;;;;;;;;;;;;x;;;;
PROV1273;Bundelakhanda;;;;;;;;;;;;;x;;;;
PROV1274;Baghelakhanda;;;;;;;;;;;;;x;;;;
PROV1275;Mahakaushala;;;;;;;;;;;;;x;;;;
PROV1276;Khandesha;;;;;;;;;;;;;x;;;;
PROV1277;East Berar;;;;;;;;;;;;;x;;;;
PROV1278;West Berar;;;;;;;;;;;;;x;;;;
PROV1279;Bastar;;;;;;;;;;;;;x;;;;
PROV1280;Rayapura;;;;;;;;;;;;;x;;;;
PROV1281;Mandala;;;;;;;;;;;;;x;;;;
PROV1282;Surguja;;;;;;;;;;;;;x;;;;
PROV1283;Golla Konda;;;;;;;;;;;;;x;;;;
PROV1284;Marathwada;;;;;;;;;;;;;x;;;;
PROV1285;Mahura;;;;;;;;;;;;;x;;;;
PROV1286;Bidar;;;;;;;;;;;;;x;;;;
PROV1287;Varangal;;;;;;;;;;;;;x;;;;
PROV1288;Thatta;;;;;;;;;;;;;x;;;;
PROV1289;Sehwan;;;;;;;;;;;;;x;;;;
PROV1290;Amarkot;;;;;;;;;;;;;x;;;;
PROV1291;Ahmadabad;;;;;;;;;;;;;x;;;;
PROV1292;Giranara;;;;;;;;;;;;;x;;;;
PROV1293;Kutch;;;;;;;;;;;;;x;;;;
PROV1294;Patana;;;;;;;;;;;;;x;;;;
PROV1295;Baroda;;;;;;;;;;;;;x;;;;
PROV1296;Suryapur;;;;;;;;;;;;;x;;;;
PROV1297;Thane;;;;;;;;;;;;;x;;;;
PROV1298;Baglana;;;;;;;;;;;;;x;;;;
PROV1299;Pune;;;;;;;;;;;;;x;;;;
PROV1300;Bijapur;;;;;;;;;;;;;x;;;;
PROV1301;Ratnagiri;;;;;;;;;;;;;x;;;;
PROV1302;North Kanara;;;;;;;;;;;;;x;;;;
PROV1303;Goa;;;;;;;;;;;;;x;;;;
PROV1304;Arkatu;;;;;;;;;;;;;x;;;;
PROV1305;Garjata;;;;;;;;;;;;;x;;;;
PROV1306;Konasima;;;;;;;;;;;;;x;;;;
PROV1307;Andhra;;;;;;;;;;;;;x;;;;
PROV1308;Rayalasima;;;;;;;;;;;;;x;;;;
PROV1309;Tiruchirappalli;;;;;;;;;;;;;x;;;;
PROV1310;Tirunelveli;;;;;;;;;;;;;x;;;;
PROV1311;Kongu;;;;;;;;;;;;;x;;;;
PROV1312;Arkatu;;;;;;;;;;;;;x;;;;
PROV1313;Morasanadu;;;;;;;;;;;;;x;;;;
PROV1314;Maisuru;;;;;;;;;;;;;x;;;;
PROV1315;Malenadu;;;;;;;;;;;;;x;;;;
PROV1316;South Kanara;;;;;;;;;;;;;x;;;;
PROV1317;Malabar;;;;;;;;;;;;;x;;;;
PROV1318;Kochin;;;;;;;;;;;;;x;;;;
PROV1319;Venad;;;;;;;;;;;;;x;;;;
PROV1320;Andamana Dpipapunje;;;;;;;;;;;;;x;;;;
PROV1321;Kotte;;;;;;;;;;;;;x;;;;
PROV1322;Vanni;;;;;;;;;;;;;x;;;;
PROV1324;Mahanuwara;;;;;;;;;;;;;x;;;;
PROV1325;Maldives;;;;;;;;;;;;;x;;;;
PROV1326;Limbuvan;;;;;;;;;;;;;x;;;;
PROV1327;Caubisi Rajya;;;;;;;;;;;;;x;;;;
PROV1328;Limbuvan;;;;;;;;;;;;;x;;;;
PROV1329;Druk Yul;;;;;;;;;;;;;x;;;;
PROV1330;Mawlamyine;;;;;;;;;;;;;x;;;;
PROV1331;Pathein;;;;;;;;;;;;;x;;;;
PROV1332;Mawlamyine;;;;;;;;;;;;;x;;;;
PROV1337;Pagan;;;;;;;;;;;;;x;;;;
PROV1338;Mong Pai;;;;;;;;;;;;;x;;;;
PROV1339;Tamanthi;;;;;;;;;;;;;x;;;;
PROV1340;Hsipaw;;;;;;;;;;;;;x;;;;
PROV1341;Hkamti Long;;;;;;;;;;;;;x;;;;
PROV1342;Mong Yang;;;;;;;;;;;;;x;;;;
PROV1343;Thawai;;;;;;;;;;;;;x;;;;
PROV1344;Mergui;;;;;;;;;;;;;x;;;;
PROV1345;Myohaung;;;;;;;;;;;;;x;;;;
PROV1347;Ayutthaya;;;;;;;;;;;;;x;;;;
PROV1348;Sukhothai;;;;;;;;;;;;;x;;;;
PROV1349;Phitsanulok;;;;;;;;;;;;;x;;;;
PROV1350;Khorach;;;;;;;;;;;;;x;;;;
PROV1351;Nakhon Thung Yai;;;;;;;;;;;;;x;;;;
PROV1352;Tanjung Salang;;;;;;;;;;;;;x;;;;
PROV1353;Rachburi;;;;;;;;;;;;;x;;;;
PROV1354;Chaiya;;;;;;;;;;;;;x;;;;
PROV1355;Cheiynghim;;;;;;;;;;;;;x;;;;
PROV1356;Luang Phrabang;;;;;;;;;;;;;x;;;;
PROV1357;Viang Chan;;;;;;;;;;;;;x;;;;
PROV1358;Nongbua Lamphu;;;;;;;;;;;;;x;;;;
PROV1359;Khukhanor Surin;;;;;;;;;;;;;x;;;;
PROV1361;Savanh Nakhone;;;;;;;;;;;;;x;;;;
PROV1364;Phnom Penh;;;;;;;;;;;;;x;;;;
PROV1365;Nakhon Thung Yai;;;;;;;;;;;;;x;;;;
PROV1366;Battambang;;;;;;;;;;;;;x;;;;
PROV1367;Udong;;;;;;;;;;;;;x;;;;
PROV1368;Stung Treng;;;;;;;;;;;;;x;;;;
PROV1369;Dong Kinh;;;;;;;;;;;;;x;;;;
PROV1371;Cao Bang;;;;;;;;;;;;;x;;;;
PROV1372;Song La;;;;;;;;;;;;;x;;;;
PROV1374;Thanh Hoa;;;;;;;;;;;;;x;;;;
PROV1375;Hue;;;;;;;;;;;;;x;;;;
PROV1376;Ha Tinh;;;;;;;;;;;;;x;;;;
PROV1377;Indrapura;;;;;;;;;;;;;x;;;;
PROV1378;Tay Nguyen;;;;;;;;;;;;;x;;;;
PROV1379;Vijaya;;;;;;;;;;;;;x;;;;
PROV1380;Prey Nokor;;;;;;;;;;;;;x;;;;
PROV1381;Phan Rang-Thap Cham;;;;;;;;;;;;;x;;;;
PROV1386;Melaka;;;;;;;;;;;;;x;;;;
PROV1387;Selangor;;;;;;;;;;;;;x;;;;
PROV1390;Pahang;;;;;;;;;;;;;x;;;;
PROV1391;Tranung;;;;;;;;;;;;;x;;;;
PROV1392;Patani;;;;;;;;;;;;;x;;;;
PROV1394;Kuching;;;;;;;;;;;;;x;;;;
PROV1396;Jesselton;;;;;;;;;;;;;x;;;;
PROV1397;Lehad Datu;;;;;;;;;;;;;x;;;;
PROV1398;Jambi;;;;;;;;;;;;;x;;;;
PROV1399;Palembang;;;;;;;;;;;;;x;;;;
PROV1400;Indragiri;;;;;;;;;;;;;x;;;;
PROV1401;Rokan;;;;;;;;;;;;;x;;;;
PROV1402;Lingga;;;;;;;;;;;;;x;;;;
PROV1403;Tulang Bawang;;;;;;;;;;;;;x;;;;
PROV1404;Bangka;;;;;;;;;;;;;x;;;;
PROV1405;Lamuri;;;;;;;;;;;;;x;;;;
PROV1406;Peureulak;;;;;;;;;;;;;x;;;;
PROV1407;Gayo;;;;;;;;;;;;;x;;;;
PROV1408;Piaman;;;;;;;;;;;;;x;;;;
PROV1409;Batak;;;;;;;;;;;;;x;;;;
PROV1410;Bengkulu;;;;;;;;;;;;;x;;;;
PROV1411;Niha;;;;;;;;;;;;;x;;;;
PROV1412;Bayhan;;;;;;;;;;;;;x;;;;
PROV1413;Kalapa;;;;;;;;;;;;;x;;;;
PROV1414;Banten;;;;;;;;;;;;;x;;;;
PROV1415;Cirebon;;;;;;;;;;;;;x;;;;
PROV1416;Karta;;;;;;;;;;;;;x;;;;
PROV1417;Kendal;;;;;;;;;;;;;x;;;;
PROV1418;Surabaya;;;;;;;;;;;;;x;;;;
PROV1419;Pajang;;;;;;;;;;;;;x;;;;
PROV1420;Banyuwangi;;;;;;;;;;;;;x;;;;
PROV1421;Madura;;;;;;;;;;;;;x;;;;
PROV1424;Barito;;;;;;;;;;;;;x;;;;
PROV1425;Berau;;;;;;;;;;;;;x;;;;
PROV1426;Pontianak;;;;;;;;;;;;;x;;;;
PROV1427;Katapang;;;;;;;;;;;;;x;;;;
PROV1429;Samarinda;;;;;;;;;;;;;x;;;;
PROV1430;Makassar;;;;;;;;;;;;;x;;;;
PROV1432;Palopo;;;;;;;;;;;;;x;;;;
PROV1433;Manado;;;;;;;;;;;;;x;;;;
PROV1434;Poso;;;;;;;;;;;;;x;;;;
PROV1435;Palu;;;;;;;;;;;;;x;;;;
PROV1436;Kendari;;;;;;;;;;;;;x;;;;
PROV1437;Butung;;;;;;;;;;;;;x;;;;
PROV1438;Bali;;;;;;;;;;;;;x;;;;
PROV1439;Nipa;;;;;;;;;;;;;x;;;;
PROV1440;Semawa;;;;;;;;;;;;;x;;;;
PROV1441;Sumba;;;;;;;;;;;;;x;;;;
PROV1442;Lombok;;;;;;;;;;;;;x;;;;
PROV1444;Nipa;;;;;;;;;;;;;x;;;;
PROV1446;Timor Lorosa'e;;;;;;;;;;;;;x;;;;
PROV1447;Sula;;;;;;;;;;;;;x;;;;
PROV1448;Ternate;;;;;;;;;;;;;x;;;;
PROV1449;Ambon;;;;;;;;;;;;;x;;;;
PROV1450;Seram;;;;;;;;;;;;;x;;;;
PROV1451;Yamdena;;;;;;;;;;;;;x;;;;
PROV1456;Ifugao;;;;;;;;;;;;;x;;;;
PROV1457;Kabikulan;;;;;;;;;;;;;x;;;;
PROV1459;Taytay;;;;;;;;;;;;;x;;;;
PROV1460;Buglas;;;;;;;;;;;;;x;;;;
PROV1461;Leyte;;;;;;;;;;;;;x;;;;
PROV1462;Zamboanga;;;;;;;;;;;;;x;;;;
PROV1463;Caraga;;;;;;;;;;;;;x;;;;
PROV1464;Sulu;;;;;;;;;;;;;x;;;;
PROV1465;Khiagt;;;;;;;;;;;;;x;;;;
PROV1466;Dundgovi;;;;;;;;;;;;;x;;;;
PROV1467;Bayantumen;;;;;;;;;;;;;x;;;;
PROV1468;Zasagt;;;;;;;;;;;;;x;;;;
PROV1469;Tagna Urianhai;;;;;;;;;;;;;x;;;;
PROV1474;Luzhou;;;;;;;;;;;;;x;;;;
PROV1475;Ningguo;;;;;;;;;;;;;x;;;;
PROV1477;Nanjing;;;;;;;;;;;;;x;;;;
PROV1478;Fuyang;;;;;;;;;;;;;x;;;;
PROV1480;Shenyang;;;;;;;;;;;;;x;;;;
PROV1481;Gaizhou;;;;;;;;;;;;;x;;;;
PROV1482;Fuzhou;;;;;;;;;;;;;x;;;;
PROV1483;Jianning;;;;;;;;;;;;;x;;;;
PROV1485;Tainan;;;;;;;;;;;;;x;;;;
PROV1486;Tingzhou;;;;;;;;;;;;;x;;;;
PROV1488;Yumen;;;;;;;;;;;;;x;;;;
PROV1489;Lanzhou;;;;;;;;;;;;;x;;;;
PROV1490;Xining;;;;;;;;;;;;;x;;;;
PROV1491;Ningxia;;;;;;;;;;;;;x;;;;
PROV1492;Pingliang;;;;;;;;;;;;;x;;;;
PROV1494;Chaozhou;;;;;;;;;;;;;x;;;;
PROV1495;Lianzhou;;;;;;;;;;;;;x;;;;
PROV1496;Guangdong;;;;;;;;;;;;;x;;;;
PROV1498;Oumoon;;;;;;;;;;;;;x;;;;
PROV1499;Yazhou;;;;;;;;;;;;;x;;;;
PROV1500;Shaoguan;;;;;;;;;;;;;x;;;;
PROV1501;Zhaoqing;;;;;;;;;;;;;x;;;;
PROV1502;Lingyun;;;;;;;;;;;;;x;;;;
PROV1503;Guilin;;;;;;;;;;;;;x;;;;
PROV1504;Wuzhou;;;;;;;;;;;;;x;;;;
PROV1505;Guiyang;;;;;;;;;;;;;x;;;;
PROV1506;Yunnan;;;;;;;;;;;;;x;;;;
PROV1507;Tongren;;;;;;;;;;;;;x;;;;
PROV1508;Kaifeng;;;;;;;;;;;;;x;;;;
PROV1509;Shangqiu;;;;;;;;;;;;;x;;;;
PROV1510;Luoyang;;;;;;;;;;;;;x;;;;
PROV1512;Shangqiu;;;;;;;;;;;;;x;;;;
PROV1513;Nanyang;;;;;;;;;;;;;x;;;;
PROV1514;Runing;;;;;;;;;;;;;x;;;;
PROV1521;Yichang;;;;;;;;;;;;;x;;;;
PROV1523;Xiangfan;;;;;;;;;;;;;x;;;;
PROV1531;Rabaul;;;;;;;;;;;;;x;;;;
PROV1532;Hetao;;;;;;;;;;;;;x;;;;
PROV1533;Taining;;;;;;;;;;;;;x;;;;
PROV1534;Chahar;;;;;;;;;;;;;x;;;;
PROV1535;Ejin;;;;;;;;;;;;;x;;;;
PROV1536;Huaiyin;;;;;;;;;;;;;x;;;;
PROV1542;Haizhou;;;;;;;;;;;;;x;;;;
PROV1547;Ji'an;;;;;;;;;;;;;x;;;;
PROV1550;Ganzhou;;;;;;;;;;;;;x;;;;
PROV1552;Hulan;;;;;;;;;;;;;x;;;;
PROV1553;Aigun;;;;;;;;;;;;;x;;;;
PROV1554;Hunchun;;;;;;;;;;;;;x;;;;
PROV1555;Jiangjie;;;;;;;;;;;;;x;;;;
PROV1558;Gyegu;;;;;;;;;;;;;x;;;;
PROV1559;Fengxiang;;;;;;;;;;;;;x;;;;
PROV1560;Asmat;;;;;;;;;;;;;x;;;;
PROV1561;Yan'an;;;;;;;;;;;;;x;;;;
PROV1562;Hanzhong;;;;;;;;;;;;;x;;;;
PROV1563;Jinan;;;;;;;;;;;;;x;;;;
PROV1570;Wuding;;;;;;;;;;;;;x;;;;
PROV1572;Ningwu;;;;;;;;;;;;;x;;;;
PROV1573;Taiyuan;;;;;;;;;;;;;x;;;;
PROV1574;Lu'an;;;;;;;;;;;;;x;;;;
PROV1575;Pingyang;;;;;;;;;;;;;x;;;;
PROV1576;Datong;;;;;;;;;;;;;x;;;;
PROV1577;Chongqing;;;;;;;;;;;;;x;;;;
PROV1582;Kandze;;;;;;;;;;;;;x;;;;
PROV1585;Jianchang;;;;;;;;;;;;;x;;;;
PROV1586;Dege;;;;;;;;;;;;;x;;;;
PROV1589;Xigaze;;;;;;;;;;;;;x;;;;
PROV1591;Changtang;;;;;;;;;;;;;x;;;;
PROV1592;Ngari;;;;;;;;;;;;;x;;;;
PROV1593;Assam;;;;;;;;;;;;;x;;;;
PROV1594;Yarkant;;;;;;;;;;;;;x;;;;
PROV1595;Chuguchaq;;;;;;;;;;;;;x;;;;
PROV1596;Hoboksar;;;;;;;;;;;;;x;;;;
PROV1597;Maralbeshi;;;;;;;;;;;;;x;;;;
PROV1598;Hotan;;;;;;;;;;;;;x;;;;
PROV1599;Barkol;;;;;;;;;;;;;x;;;;
PROV1600;Luntai;;;;;;;;;;;;;x;;;;
PROV1601;Yunnan;;;;;;;;;;;;;x;;;;
PROV1602;Lijiang;;;;;;;;;;;;;x;;;;
PROV1603;Xishuangbanna;;;;;;;;;;;;;x;;;;
PROV1607;Jinhua;;;;;;;;;;;;;x;;;;
PROV1609;Kuaiji;;;;;;;;;;;;;x;;;;
PROV1611;Wenzhou;;;;;;;;;;;;;x;;;;
PROV1613;Yongping;;;;;;;;;;;;;x;;;;
PROV1614;Daming;;;;;;;;;;;;;x;;;;
PROV1618;Baoding;;;;;;;;;;;;;x;;;;
PROV1619;Ping'an;;;;;;;;;;;;;x;;;;
PROV1620;Ningbian;;;;;;;;;;;;;x;;;;
PROV1622;Liuzhen;;;;;;;;;;;;;x;;;;
PROV1623;Jingcheng;;;;;;;;;;;;;x;;;;
PROV1626;Haizhou;;;;;;;;;;;;;x;;;;
PROV1630;Jiangling;;;;;;;;;;;;;x;;;;
PROV1631;Jiangyuan;;;;;;;;;;;;;x;;;;
PROV1632;Qingshang;;;;;;;;;;;;;x;;;;
PROV1634;Qingzhou;;;;;;;;;;;;;x;;;;
PROV1635;Jinzhou;;;;;;;;;;;;;x;;;;
PROV1636;Shuiyuan;;;;;;;;;;;;;x;;;;
PROV1637;Jeju;;;;;;;;;;;;;x;;;;
PROV1642;Oshima;;;;;;;;;;;;;x;;;;
PROV1643;Kamikawa;;;;;;;;;;;;;x;;;;
PROV1644;Tokachi;;;;;;;;;;;;;x;;;;
PROV1645;Echigo;;;;;;;;;;;;;x;;;;
PROV1647;Echizen;;;;;;;;;;;;;x;;;;
PROV1653;Shimousa;;;;;;;;;;;;;x;;;;
PROV1654;Guahan;;;;;;;;;;;;;x;;;;
PROV1655;Settsu;;;;;;;;;;;;;x;;;;
PROV1656;Kii;;;;;;;;;;;;;x;;;;
PROV1657;Kyoto;;;;;;;;;;;;;x;;;;
PROV1658;Yamato;;;;;;;;;;;;;x;;;;
PROV1659;Tango;;;;;;;;;;;;;x;;;;
PROV1664;Feihou;;;;;;;;;;;;;x;;;;
PROV1667;Awa;;;;;;;;;;;;;x;;;;
PROV1674;Shimotsuke;;;;;;;;;;;;;x;;;;
PROV1675;Owari;;;;;;;;;;;;;x;;;;
PROV1676;Mikawa;;;;;;;;;;;;;x;;;;
PROV1677;Kai;;;;;;;;;;;;;x;;;;
PROV1684;Oujda;;;;;;;;;;;;;x;;;;
PROV1686;Tangiers;;;;;;;;;;;;;x;;;;
PROV1687;Ceuta;;;;;;;;;;;;;x;;;;
PROV1690;Marrakech;;;;;;;;;;;;;x;;;;
PROV1691;Dukkala;;;;;;;;;;;;;x;;;;
PROV1692;Tadla;;;;;;;;;;;;;x;;;;
PROV1693;Haha;;;;;;;;;;;;;x;;;;
PROV1694;Agadir;;;;;;;;;;;;;x;;;;
PROV1695;Ifni;;;;;;;;;;;;;x;;;;
PROV1697;Figuig;;;;;;;;;;;;;x;;;;
PROV1698;Saoura;;;;;;;;;;;;;x;;;;
PROV1699;Draa;;;;;;;;;;;;;x;;;;
PROV1700;Algiers;;;;;;;;;;;;;x;;;;
PROV1704;Oran;;;;;;;;;;;;;x;;;;
PROV1705;Tlemcen;;;;;;;;;;;;;x;;;;
PROV1707;Ouarsenis;;;;;;;;;;;;;x;;;;
PROV1708;Constantine;;;;;;;;;;;;;x;;;;
PROV1709;Annaba;;;;;;;;;;;;;x;;;;
PROV1710;Hodna;;;;;;;;;;;;;x;;;;
PROV1711;Laghouat;;;;;;;;;;;;;x;;;;
PROV1712;Tuggert;;;;;;;;;;;;;x;;;;
PROV1713;Titteri;;;;;;;;;;;;;x;;;;
PROV1715;Kasdir;;;;;;;;;;;;;x;;;;
PROV1716;Tuat;;;;;;;;;;;;;x;;;;
PROV1723;New Edinburgh;;;;;;;;;;;;;x;;;;
PROV1725;Tunis;;;;;;;;;;;;;x;;;;
PROV1726;Bizerta;;;;;;;;;;;;;x;;;;
PROV1727;Kef;;;;;;;;;;;;;x;;;;
PROV1728;Sousse;;;;;;;;;;;;;x;;;;
PROV1729;Gafsa;;;;;;;;;;;;;x;;;;
PROV1730;Djerba;;;;;;;;;;;;;x;;;;
PROV1731;Zuwarah;;;;;;;;;;;;;x;;;;
PROV1732;Jufra;;;;;;;;;;;;;x;;;;
PROV1733;Misurata;;;;;;;;;;;;;x;;;;
PROV1734;Sirt;;;;;;;;;;;;;x;;;;
PROV1735;Benghazi;;;;;;;;;;;;;x;;;;
PROV1736;Derna;;;;;;;;;;;;;x;;;;
PROV1737;Bardia;;;;;;;;;;;;;x;;;;
PROV1741;Tajhari;;;;;;;;;;;;;x;;;;
PROV1743;Phazania;;;;;;;;;;;;;x;;;;
PROV1744;Ghadames;;;;;;;;;;;;;x;;;;
PROV1746;Rosetta;;;;;;;;;;;;;x;;;;
PROV1747;Buhaira;;;;;;;;;;;;;x;;;;
PROV1748;Al Gharbia;;;;;;;;;;;;;x;;;;
PROV1749;el-Qaherah;;;;;;;;;;;;;x;;;;
PROV1751;Aleksandreia;;;;;;;;;;;;;x;;;;
PROV1752;Mersa Matruh;;;;;;;;;;;;;x;;;;
PROV1755;Sharqiya;;;;;;;;;;;;;x;;;;
PROV1757;Sina;;;;;;;;;;;;;x;;;;
PROV1759;Farafreh;;;;;;;;;;;;;x;;;;
PROV1760;Kharga;;;;;;;;;;;;;x;;;;
PROV1762;Girga;;;;;;;;;;;;;x;;;;
PROV1763;Atfih;;;;;;;;;;;;;x;;;;
PROV1764;Minya;;;;;;;;;;;;;x;;;;
PROV1765;Fayyum;;;;;;;;;;;;;x;;;;
PROV1767;Isna;;;;;;;;;;;;;x;;;;
PROV1769;Qus;;;;;;;;;;;;;x;;;;
PROV1770;Queseer;;;;;;;;;;;;;x;;;;
PROV1772;Ras Gharib;;;;;;;;;;;;;x;;;;
PROV1774;Arguin;;;;;;;;;;;;;x;;;;
PROV1776;Trarza;;;;;;;;;;;;;x;;;;
PROV1777;Brakna;;;;;;;;;;;;;x;;;;
PROV1778;Tagant;;;;;;;;;;;;;x;;;;
PROV1786;Wolof;;;;;;;;;;;;;x;;;;
PROV1794;Do;;;;;;;;;;;;;x;;;;
PROV1796;Termes;;;;;;;;;;;;;x;;;;
PROV1797;Wagadu;;;;;;;;;;;;;x;;;;
PROV1798;Joma;;;;;;;;;;;;;x;;;;
PROV1799;Bendugu;;;;;;;;;;;;;x;;;;
PROV1800;Segu;;;;;;;;;;;;;x;;;;
PROV1801;Baghena;;;;;;;;;;;;;x;;;;
PROV1802;Massina;;;;;;;;;;;;;x;;;;
PROV1803;Timbuktu;;;;;;;;;;;;;x;;;;
PROV1804;Haayre;;;;;;;;;;;;;x;;;;
PROV1805;Hombori;;;;;;;;;;;;;x;;;;
PROV1806;Taudeni;;;;;;;;;;;;;x;;;;
PROV1807;Tadmekka;;;;;;;;;;;;;x;;;;
PROV1808;Zarmaganda;;;;;;;;;;;;;x;;;;
PROV1809;Dendi;;;;;;;;;;;;;x;;;;
PROV1810;Dallol;;;;;;;;;;;;;x;;;;
PROV1811;Daura;;;;;;;;;;;;;x;;;;
PROV1812;Tenere;;;;;;;;;;;;;x;;;;
PROV1813;Air;;;;;;;;;;;;;x;;;;
PROV1814;Djado;;;;;;;;;;;;;x;;;;
PROV1815;Damagaram;;;;;;;;;;;;;x;;;;
PROV1816;Manga;;;;;;;;;;;;;x;;;;
PROV1817;Kawar;;;;;;;;;;;;;x;;;;
PROV1818;Bagirmi;;;;;;;;;;;;;x;;;;
PROV1819;Logone;;;;;;;;;;;;;x;;;;
PROV1820;Bagirmi;;;;;;;;;;;;;x;;;;
PROV1821;Yao;;;;;;;;;;;;;x;;;;
PROV1822;Waddai;;;;;;;;;;;;;x;;;;
PROV1824;Kanem;;;;;;;;;;;;;x;;;;
PROV1828;el-Gezira;;;;;;;;;;;;;x;;;;
PROV1829;Beja;;;;;;;;;;;;;x;;;;
PROV1830;el-Gadarif;;;;;;;;;;;;;x;;;;
PROV1831;Sannar;;;;;;;;;;;;;x;;;;
PROV1832;Fazughli;;;;;;;;;;;;;x;;;;
PROV1833;Sawakin;;;;;;;;;;;;;x;;;;
PROV1834;Hala'ib;;;;;;;;;;;;;x;;;;
PROV1835;Wadi Halfa;;;;;;;;;;;;;x;;;;
PROV1836;Sahra' an-Nubyah;;;;;;;;;;;;;x;;;;
PROV1837;Shandi;;;;;;;;;;;;;x;;;;
PROV1838;el-Obeid;;;;;;;;;;;;;x;;;;
PROV1839;Kobbe;;;;;;;;;;;;;x;;;;
PROV1840;Tagale;;;;;;;;;;;;;x;;;;
PROV1841;Dar Fur;;;;;;;;;;;;;x;;;;
PROV1842;Medwa;;;;;;;;;;;;;x;;;;
PROV1848;Inderta;;;;;;;;;;;;;x;;;;
PROV1849;Missiwa;;;;;;;;;;;;;x;;;;
PROV1850;Aksum;;;;;;;;;;;;;x;;;;
PROV1851;'Asab;;;;;;;;;;;;;x;;;;
PROV1852;Semien;;;;;;;;;;;;;x;;;;
PROV1853;Gonder;;;;;;;;;;;;;x;;;;
PROV1854;Dembiya;;;;;;;;;;;;;x;;;;
PROV1855;Agaw;;;;;;;;;;;;;x;;;;
PROV1856;Inderta;;;;;;;;;;;;;x;;;;
PROV1857;Lasta;;;;;;;;;;;;;x;;;;
PROV1858;Angot;;;;;;;;;;;;;x;;;;
PROV1859;Shewa;;;;;;;;;;;;;x;;;;
PROV1860;Janjiro;;;;;;;;;;;;;x;;;;
PROV1861;Arsi;;;;;;;;;;;;;x;;;;
PROV1862;Kaffa;;;;;;;;;;;;;x;;;;
PROV1863;Damot;;;;;;;;;;;;;x;;;;
PROV1864;Wolaytta;;;;;;;;;;;;;x;;;;
PROV1865;Harar;;;;;;;;;;;;;x;;;;
PROV1866;Dawaro;;;;;;;;;;;;;x;;;;
PROV1867;Wardheer;;;;;;;;;;;;;x;;;;
PROV1868;Mogadishu;;;;;;;;;;;;;x;;;;
PROV1869;Beletweeyne;;;;;;;;;;;;;x;;;;
PROV1870;Baraawe;;;;;;;;;;;;;x;;;;
PROV1871;Warsheekh;;;;;;;;;;;;;x;;;;
PROV1872;Garoowe;;;;;;;;;;;;;x;;;;
PROV1873;Hargeysa;;;;;;;;;;;;;x;;;;
PROV1874;Saylac;;;;;;;;;;;;;x;;;;
PROV1875;Tagorri;;;;;;;;;;;;;x;;;;
PROV1876;Cape Verde;;;;;;;;;;;;;x;;;;
PROV1879;Guinea;;;;;;;;;;;;;x;;;;
PROV1880;Futa Jallon;;;;;;;;;;;;;x;;;;
PROV1884;Lioness Mountains;;;;;;;;;;;;;x;;;;
PROV1887;Pepper Coast;;;;;;;;;;;;;x;;;;
PROV1888;Grain Coast;;;;;;;;;;;;;x;;;;
PROV1893;Ivory Coast;;;;;;;;;;;;;x;;;;
PROV1897;Gyaaman;;;;;;;;;;;;;x;;;;
PROV1898;Kong;;;;;;;;;;;;;x;;;;
PROV1900;Bagoe;;;;;;;;;;;;;x;;;;
PROV1901;Tenkodogo;;;;;;;;;;;;;x;;;;
PROV1902;Yatenga;;;;;;;;;;;;;x;;;;
PROV1903;Liptako;;;;;;;;;;;;;x;;;;
PROV1904;Bilanga;;;;;;;;;;;;;x;;;;
PROV1905;Lobi;;;;;;;;;;;;;x;;;;
PROV1906;Gwiriko;;;;;;;;;;;;;x;;;;
PROV1907;Gold Coast;;;;;;;;;;;;;x;;;;
PROV1908;Cape Coast;;;;;;;;;;;;;x;;;;
PROV1910;Denkyira;;;;;;;;;;;;;x;;;;
PROV1912;Bonoman;;;;;;;;;;;;;x;;;;
PROV1915;Kumasi;;;;;;;;;;;;;x;;;;
PROV1923;Ijebu;;;;;;;;;;;;;x;;;;
PROV1928;Benin;;;;;;;;;;;;;x;;;;
PROV1931;Warri;;;;;;;;;;;;;x;;;;
PROV1932;Ubani;;;;;;;;;;;;;x;;;;
PROV1933;Ondo;;;;;;;;;;;;;x;;;;
PROV1934;Akwa Akpa;;;;;;;;;;;;;x;;;;
PROV1936;Pindinga;;;;;;;;;;;;;x;;;;
PROV1937;Yola;;;;;;;;;;;;;x;;;;
PROV1939;Zazzau;;;;;;;;;;;;;x;;;;
PROV1942;Biram;;;;;;;;;;;;;x;;;;
PROV1943;Rano;;;;;;;;;;;;;x;;;;
PROV1944;Bauchi;;;;;;;;;;;;;x;;;;
PROV1945;Kano;;;;;;;;;;;;;x;;;;
PROV1946;Kebbi;;;;;;;;;;;;;x;;;;
PROV1947;Katsina;;;;;;;;;;;;;x;;;;
PROV1948;Gobir;;;;;;;;;;;;;x;;;;
PROV1950;Yola;;;;;;;;;;;;;x;;;;
PROV1954;Sao Tome;;;;;;;;;;;;;x;;;;
PROV1955;Otcho;;;;;;;;;;;;;x;;;;
PROV1957;Akwa Akpa;;;;;;;;;;;;;x;;;;
PROV1961;Wukari;;;;;;;;;;;;;x;;;;
PROV1964;Mandara;;;;;;;;;;;;;x;;;;
PROV1972;Gabon;;;;;;;;;;;;;x;;;;
PROV1974;Mayumba;;;;;;;;;;;;;x;;;;
PROV1979;	Oughtham Rake	;;;;;;;;;;;;;x;;;;
PROV1982;Mpangu;;;;;;;;;;;;;x;;;;
PROV1984;Kumbana;;;;;;;;;;;;;x;;;;
PROV1985;Yaka;;;;;;;;;;;;;x;;;;
PROV1986;Kalundwe;;;;;;;;;;;;;x;;;;
PROV1987;Upemba;;;;;;;;;;;;;x;;;;
PROV1988;Kanongesha;;;;;;;;;;;;;x;;;;
PROV1989;Luba;;;;;;;;;;;;;x;;;;
PROV1990;Songye;;;;;;;;;;;;;x;;;;
PROV1994;Nunu;;;;;;;;;;;;;x;;;;
PROV1999;Mbamba;;;;;;;;;;;;;x;;;;
PROV2001;Mpemba;;;;;;;;;;;;;x;;;;
PROV2003;Benguela;;;;;;;;;;;;;x;;;;
PROV2009;Matamba;;;;;;;;;;;;;x;;;;
PROV2010;Shinje;;;;;;;;;;;;;x;;;;
PROV2011;Kasanje;;;;;;;;;;;;;x;;;;
PROV2012;Kaonde;;;;;;;;;;;;;x;;;;
PROV2014;Ishindi;;;;;;;;;;;;;x;;;;
PROV2015;Lenje;;;;;;;;;;;;;x;;;;
PROV2016;Bemba;;;;;;;;;;;;;x;;;;
PROV2017;Luba;;;;;;;;;;;;;x;;;;
PROV2018;Luangwa;;;;;;;;;;;;;x;;;;
PROV2019;Buganda;;;;;;;;;;;;;x;;;;
PROV2020;Bunyoro;;;;;;;;;;;;;x;;;;
PROV2021;Pubungo;;;;;;;;;;;;;x;;;;
PROV2023;Busoga;;;;;;;;;;;;;x;;;;
PROV2029;Mombasa;;;;;;;;;;;;;x;;;;
PROV2030;Pate;;;;;;;;;;;;;x;;;;
PROV2031;Dawa;;;;;;;;;;;;;x;;;;
PROV2032;Ewaso Ngiro;;;;;;;;;;;;;x;;;;
PROV2033;Taveta;;;;;;;;;;;;;x;;;;
PROV2034;Nduga;;;;;;;;;;;;;x;;;;
PROV2035;Bushubi;;;;;;;;;;;;;x;;;;
PROV2036;Kaole;;;;;;;;;;;;;x;;;;
PROV2037;Tanga;;;;;;;;;;;;;x;;;;
PROV2038;Kilwa;;;;;;;;;;;;;x;;;;
PROV2039;Lindi;;;;;;;;;;;;;x;;;;
PROV2040;Kinga;;;;;;;;;;;;;x;;;;
PROV2041;Makonde;;;;;;;;;;;;;x;;;;
PROV2042;Hehe;;;;;;;;;;;;;x;;;;
PROV2043;Gogo;;;;;;;;;;;;;x;;;;
PROV2044;Karagwe;;;;;;;;;;;;;x;;;;
PROV2045;Zigua;;;;;;;;;;;;;x;;;;
PROV2046;Ruguru;;;;;;;;;;;;;x;;;;
PROV2047;Taveta;;;;;;;;;;;;;x;;;;
PROV2048;Zanzibar;;;;;;;;;;;;;x;;;;
PROV2049;Delagoa Bay;;;;;;;;;;;;;x;;;;
PROV2050;Limpopo;;;;;;;;;;;;;x;;;;
PROV2051;Inhambane;;;;;;;;;;;;;x;;;;
PROV2052;Madanda;;;;;;;;;;;;;x;;;;
PROV2053;Lundu;;;;;;;;;;;;;x;;;;
PROV2054;Nsenga;;;;;;;;;;;;;x;;;;
PROV2057;Sofala;;;;;;;;;;;;;x;;;;
PROV2058;Manikya;;;;;;;;;;;;;x;;;;
PROV2059;Quelimane;;;;;;;;;;;;;x;;;;
PROV2060;Ngindo;;;;;;;;;;;;;x;;;;
PROV2061;Angoche;;;;;;;;;;;;;x;;;;
PROV2062;Xi'an;;;;;;;;;;;;;x;;;;
PROV2063;Ngindo;;;;;;;;;;;;;x;;;;
PROV2064;Makua;;;;;;;;;;;;;x;;;;
PROV2065;Lolo;;;;;;;;;;;;;x;;;;
PROV2066;Kalonga;;;;;;;;;;;;;x;;;;
PROV2067;Tumbuka;;;;;;;;;;;;;x;;;;
PROV2068;Massapa;;;;;;;;;;;;;x;;;;
PROV2069;Buhera;;;;;;;;;;;;;x;;;;
PROV2070;Tete;;;;;;;;;;;;;x;;;;
PROV2072;Butua;;;;;;;;;;;;;x;;;;
PROV2083;Walvis Bay;;;;;;;;;;;;;x;;;;
PROV2087;Cape of Good Hope;;;;;;;;;;;;;x;;;;
PROV2088;Senqu;;;;;;;;;;;;;x;;;;
PROV2091;Swellendam;;;;;;;;;;;;;x;;;;
PROV2092;Great Karoo;;;;;;;;;;;;;x;;;;
PROV2093;Rye Field;;;;;;;;;;;;;x;;;;
PROV2094;Griqualand;;;;;;;;;;;;;x;;;;
PROV2097;Graaff-Reinet;;;;;;;;;;;;;x;;;;
PROV2111;Natal;;;;;;;;;;;;;x;;;;
PROV2113;Zululand;;;;;;;;;;;;;x;;;;
PROV2115;Merina;;;;;;;;;;;;;x;;;;
PROV2116;Betsileo;;;;;;;;;;;;;x;;;;
PROV2117;Bara;;;;;;;;;;;;;x;;;;
PROV2118;Antemoro;;;;;;;;;;;;;x;;;;
PROV2119;Vatomandry;;;;;;;;;;;;;x;;;;
PROV2120;Antankara;;;;;;;;;;;;;x;;;;
PROV2121;Iboina;;;;;;;;;;;;;x;;;;
PROV2122;Besalampy;;;;;;;;;;;;;x;;;;
PROV2123;Komori;;;;;;;;;;;;;x;;;;
PROV2125;Mauritius;;;;;;;;;;;;;x;;;;
PROV2126;Isle Bourbon;;;;;;;;;;;;;x;;;;
PROV2127;Mahe;;;;;;;;;;;;;x;;;;
PROV2128;Folhavahi;;;;;;;;;;;;;x;;;;
PROV2131;	Malvine	;;;;;;;;;;;;;x;;;;
PROV2133;	South Orkney	;;;;;;;;;;;;;x;;;;
PROV2134;The Azores;;;;;;;;;;;;;x;;;;
PROV2135;Madeira;;;;;;;;;;;;;x;;;;
PROV2136;The Canarias;;;;;;;;;;;;;x;;;;
PROV2137;	Rocky Point	;;;;;;;;;;;;;x;;;;
PROV2138;	Capo dell'Olandese	;;;;;;;;;;;;;x;;;;
PROV2139;	California Bassa	;;;;;;;;;;;;;x;;;;
PROV2140;	Rocky Point	;;;;;;;;;;;;;x;;;;
PROV2141;	Kingsport	;;;;;;;;;;;;;x;;;;
PROV2143;	Saint Patrick	;;;;;;;;;;;;;x;;;;
PROV2144;	Fort James	;;;;;;;;;;;;;x;;;;
PROV2145;	Santa Barbara	;;;;;;;;;;;;;x;;;;
PROV2147;	Piedi Negri	;;;;;;;;;;;;;x;;;;
PROV2148;	San Carlo	;;;;;;;;;;;;;x;;;;
PROV2149;	Nuovoreggio	;;;;;;;;;;;;;x;;;;
PROV2150;	San Fernando	;;;;;;;;;;;;;x;;;;
PROV2152;	Valle Colombiana	;;;;;;;;;;;;;x;;;;
PROV2154;	Catena di Corona	;;;;;;;;;;;;;x;;;;
PROV2155;	Portalegro	;;;;;;;;;;;;;x;;;;
PROV2156;	Costa del Masso	;;;;;;;;;;;;;x;;;;
PROV2157;	Aberdeen	;;;;;;;;;;;;;x;;;;
PROV2158;	Nuovo Veneto	;;;;;;;;;;;;;x;;;;
PROV2159;	S.Luigi Potosto	;;;;;;;;;;;;;x;;;;
PROV2160;	Aquecalde	;;;;;;;;;;;;;x;;;;
PROV2161;	Tepico	;;;;;;;;;;;;;x;;;;
PROV2162;	Porto del Coniglio	;;;;;;;;;;;;;x;;;;
PROV2163;	Carcassa Ricca	;;;;;;;;;;;;;x;;;;
PROV2164;	Dunbar	;;;;;;;;;;;;;x;;;;
PROV2165;	Esmeraldo	;;;;;;;;;;;;;x;;;;
PROV2166;	Calranisetta	;;;;;;;;;;;;;x;;;;
PROV2167;	San Michele	;;;;;;;;;;;;;x;;;;
PROV2169;Colima;;;;;;;;;;;;;x;;;;
PROV2170;	Termini	;;;;;;;;;;;;;x;;;;
PROV2171;	San Bonifazio	;;;;;;;;;;;;;x;;;;
PROV2172;	Messico	;;;;;;;;;;;;;x;;;;
PROV2173;	Altamura	;;;;;;;;;;;;;x;;;;
PROV2174;	Casal Vittoria	;;;;;;;;;;;;;x;;;;
PROV2175;	Montecasa	;;;;;;;;;;;;;x;;;;
PROV2176;	San Matteo	;;;;;;;;;;;;;x;;;;
PROV2177;	Villa Putlana	;;;;;;;;;;;;;x;;;;
PROV2178;	Balliol	;;;;;;;;;;;;;x;;;;
PROV2179;	Warrior Colony	;;;;;;;;;;;;;x;;;;
PROV2180;	Cassino	;;;;;;;;;;;;;x;;;;
PROV2181;	Swanfort	;;;;;;;;;;;;;x;;;;
PROV2182;	Mablethorpe	;;;;;;;;;;;;;x;;;;
PROV2183;	Meridiana	;;;;;;;;;;;;;x;;;;
PROV2184;	San Lazaro	;;;;;;;;;;;;;x;;;;
PROV2185;	Cromarty	;;;;;;;;;;;;;x;;;;
PROV2186;	Overkirk	;;;;;;;;;;;;;x;;;;
PROV2187;	Fort Paterson	;;;;;;;;;;;;;x;;;;
PROV2188;	Livingston	;;;;;;;;;;;;;x;;;;
PROV2189;	Peatie	;;;;;;;;;;;;;x;;;;
PROV2190;	Wallace	;;;;;;;;;;;;;x;;;;
PROV2192;	Cuscat	;;;;;;;;;;;;;x;;;;
PROV2193;	Banffsmith	;;;;;;;;;;;;;x;;;;
PROV2194;	Newport	;;;;;;;;;;;;;x;;;;
PROV2195;	Catacombes	;;;;;;;;;;;;;x;;;;
PROV2196;	Cunningham	;;;;;;;;;;;;;x;;;;
PROV2197;	Montrose Sea	;;;;;;;;;;;;;x;;;;
PROV2199;	Endeavour	;;;;;;;;;;;;;x;;;;
PROV2200;	Zetlandshire	;;;;;;;;;;;;;x;;;;
PROV2202;	Dalzeel	;;;;;;;;;;;;;x;;;;
PROV2203;	Fort Drummond	;;;;;;;;;;;;;x;;;;
PROV2205;New Crieff;;;;;;;;;;;;;x;;;;
PROV2206;New Edinburgh;;;;;;;;;;;;;x;;;;
PROV2207;Dundgovi;;;;;;;;;;;;;x;;;;
PROV2209;	L'Avana	;;;;;;;;;;;;;x;;;;
PROV2210;	Moroni	;;;;;;;;;;;;;x;;;;
PROV2211;	Eastkirk	;;;;;;;;;;;;;x;;;;
PROV2212;	Honey Bay	;;;;;;;;;;;;;x;;;;
PROV2213;	Anderson's Quay	;;;;;;;;;;;;;x;;;;
PROV2214;	Saunt Dominic	;;;;;;;;;;;;;x;;;;
PROV2215;	Turtle Isle	;;;;;;;;;;;;;x;;;;
PROV2216;	Fort Campbell	;;;;;;;;;;;;;x;;;;
PROV2217;	Portree	;;;;;;;;;;;;;x;;;;
PROV2219;	Bahama Eilands	;;;;;;;;;;;;;x;;;;
PROV2220;	Isole Turche	;;;;;;;;;;;;;x;;;;
PROV2221;Nanjing;;;;;;;;;;;;;x;;;;
PROV2222;	Porto Ricco	;;;;;;;;;;;;;x;;;;
PROV2223;	Skye	;;;;;;;;;;;;;x;;;;
PROV2224;	Uist	;;;;;;;;;;;;;x;;;;
PROV2225;	St. Andrew	;;;;;;;;;;;;;x;;;;
PROV2228;	Santa Lucia	;;;;;;;;;;;;;x;;;;
PROV2229;	Arran	;;;;;;;;;;;;;x;;;;
PROV2230;	Dominica	;;;;;;;;;;;;;x;;;;
PROV2232;	Martinica	;;;;;;;;;;;;;x;;;;
PROV2233;	San Vincenzo	;;;;;;;;;;;;;x;;;;
PROV2234;	Mull	;;;;;;;;;;;;;x;;;;
PROV2236;	San Martino	;;;;;;;;;;;;;x;;;;
PROV2238;Bute;;;;;;;;;;;;;x;;;;
PROV2239;	Oughtham Rake	;;;;;;;;;;;;;x;;;;
PROV2240;	Fort Willoughby	;;;;;;;;;;;;;x;;;;
PROV2242;	Bishop Galston	;;;;;;;;;;;;;x;;;;
PROV2243;	Port Long	;;;;;;;;;;;;;x;;;;
PROV2244;Christmas Island;;;;;;;;;;;;;x;;;;
PROV2245;	Surinam	;;;;;;;;;;;;;x;;;;
PROV2246;	Stirling	;;;;;;;;;;;;;x;;;;
PROV2247;	Episcolia	;;;;;;;;;;;;;x;;;;
PROV2248;	Montshire	;;;;;;;;;;;;;x;;;;
PROV2250;	Fernswick	;;;;;;;;;;;;;x;;;;
PROV2251;	Hoonsah	;;;;;;;;;;;;;x;;;;
PROV2252;	New Antioch	;;;;;;;;;;;;;x;;;;
PROV2253;	Parkmill	;;;;;;;;;;;;;x;;;;
PROV2254;	Carthaginia	;;;;;;;;;;;;;x;;;;
PROV2255;	Kilcreggan	;;;;;;;;;;;;;x;;;;
PROV2256;	Stewartsburgh	;;;;;;;;;;;;;x;;;;
PROV2259;	Saint Basil	;;;;;;;;;;;;;x;;;;
PROV2260;	Banchory	;;;;;;;;;;;;;x;;;;
PROV2262;	Buteshire	;;;;;;;;;;;;;x;;;;
PROV2263;	Lauretum	;;;;;;;;;;;;;x;;;;
PROV2264;	Princetoon	;;;;;;;;;;;;;x;;;;
PROV2265;	Doune	;;;;;;;;;;;;;x;;;;
PROV2266;	Callander	;;;;;;;;;;;;;x;;;;
PROV2269;	Fort Caesar	;;;;;;;;;;;;;x;;;;
PROV2270;	Fort Charles	;;;;;;;;;;;;;x;;;;
PROV2271;	Fort Miranda	;;;;;;;;;;;;;x;;;;
PROV2273;	Dunblane	;;;;;;;;;;;;;x;;;;
PROV2274;	Sgitheach	;;;;;;;;;;;;;x;;;;
PROV2275;	Peairt	;;;;;;;;;;;;;x;;;;
PROV2276;Terrmouth;;;;;;;;;;;;;x;;;;
PROV2278;	Killin	;;;;;;;;;;;;;x;;;;
PROV2279;	Avonlea	;;;;;;;;;;;;;x;;;;
PROV2280;	Port Dampier	;;;;;;;;;;;;;x;;;;
PROV2281;Catherinesland;;;;;;;;;;;;;x;;;;
PROV2282;	Tumpees	;;;;;;;;;;;;;x;;;;
PROV2283;	Carlisle	;;;;;;;;;;;;;x;;;;
PROV2284;	Sruighlea	;;;;;;;;;;;;;x;;;;
PROV2285;	Dampier Isles	;;;;;;;;;;;;;x;;;;
PROV2286;	Easton	;;;;;;;;;;;;;x;;;;
PROV2287;	Balvenie	;;;;;;;;;;;;;x;;;;
PROV2288;	Cameronburgh	;;;;;;;;;;;;;x;;;;
PROV2290;	Caithnessshire	;;;;;;;;;;;;;x;;;;
PROV2291;	Irish Cape	;;;;;;;;;;;;;x;;;;
PROV2292;	Ellon	;;;;;;;;;;;;;x;;;;
PROV2293;	Marr	;;;;;;;;;;;;;x;;;;
PROV2294;	Grienmuir	;;;;;;;;;;;;;x;;;;
PROV2295;	Thirldom	;;;;;;;;;;;;;x;;;;
PROV2296;	A 'Mhearcair	;;;;;;;;;;;;;x;;;;
PROV2297;	Great Culster	;;;;;;;;;;;;;x;;;;
PROV2298;	Wemyss	;;;;;;;;;;;;;x;;;;
PROV2299;	Baile nan Righ	;;;;;;;;;;;;;x;;;;
PROV2300;	Commonty	;;;;;;;;;;;;;x;;;;
PROV2301;	New Pitlochry	;;;;;;;;;;;;;x;;;;
PROV2303;	New Whitburn	;;;;;;;;;;;;;x;;;;
PROV2304;	Leith	;;;;;;;;;;;;;x;;;;
PROV2305;	Georgian Desert	;;;;;;;;;;;;;x;;;;
PROV2306;	Macbeth	;;;;;;;;;;;;;x;;;;
PROV2307;	New Aberdeen	;;;;;;;;;;;;;x;;;;
PROV2308;	St. Mark's	;;;;;;;;;;;;;x;;;;
PROV2309;	Jacobus	;;;;;;;;;;;;;x;;;;
PROV2310;	Brig o Fillan	;;;;;;;;;;;;;x;;;;
PROV2311;	Loch Lea	;;;;;;;;;;;;;x;;;;
PROV2312;	Barton Haugh	;;;;;;;;;;;;;x;;;;
PROV2313;	Linlithgow	;;;;;;;;;;;;;x;;;;
PROV2314;	Beinn Gauld	;;;;;;;;;;;;;x;;;;
PROV2315;	Milngavie	;;;;;;;;;;;;;x;;;;
PROV2316;	Huntlyshire	;;;;;;;;;;;;;x;;;;
PROV2317;	Duncawston	;;;;;;;;;;;;;x;;;;
PROV2318;	West Linton	;;;;;;;;;;;;;x;;;;
PROV2319;	Glen Arthur	;;;;;;;;;;;;;x;;;;
PROV2321;	Abington	;;;;;;;;;;;;;x;;;;
PROV2322;	Glenblaw	;;;;;;;;;;;;;x;;;;
PROV2325;Saltcoats;;;;;;;;;;;;;x;;;;
PROV2326;	Elliston	;;;;;;;;;;;;;x;;;;
PROV2331;Fort William;;;;;;;;;;;;;x;;;;
PROV2332;	Langholm	;;;;;;;;;;;;;x;;;;
PROV2333;	Waketon	;;;;;;;;;;;;;x;;;;
PROV2334;	Lennox	;;;;;;;;;;;;;x;;;;
PROV2336;Rapa Nui;;;;;;;;;;;;;x;;;;
PROV2337;	Cowalshire	;;;;;;;;;;;;;x;;;;
PROV2338;	Castle Douglas	;;;;;;;;;;;;;x;;;;
PROV2339;	Marykirk	;;;;;;;;;;;;;x;;;;
PROV2340;	Castle Crail	;;;;;;;;;;;;;x;;;;
PROV2341;	New Galloway	;;;;;;;;;;;;;x;;;;
PROV2342;	Marykirk	;;;;;;;;;;;;;x;;;;
PROV2343;	Orchy	;;;;;;;;;;;;;x;;;;
PROV2344;	Adrianforth	;;;;;;;;;;;;;x;;;;
PROV2345;	Prestwick	;;;;;;;;;;;;;x;;;;
PROV2346;	Upstream	;;;;;;;;;;;;;x;;;;
PROV2347;	Alnwickshire	;;;;;;;;;;;;;x;;;;
PROV2348;	Mercats Wynds	;;;;;;;;;;;;;x;;;;
PROV2350;	Wells	;;;;;;;;;;;;;x;;;;
PROV2352;	Byrne's Skerrie	;;;;;;;;;;;;;x;;;;
PROV2353;	Kirkudbright	;;;;;;;;;;;;;x;;;;
PROV2354;	Finnport	;;;;;;;;;;;;;x;;;;
PROV2356;	Hungerford	;;;;;;;;;;;;;x;;;;
PROV2357;	New Galashiels	;;;;;;;;;;;;;x;;;;
PROV2358;	Yippeayoo	;;;;;;;;;;;;;x;;;;
PROV2363;	Wingfield	;;;;;;;;;;;;;x;;;;
PROV2364;	Huntingtower	;;;;;;;;;;;;;x;;;;
PROV2365;	Melrose Heart	;;;;;;;;;;;;;x;;;;
PROV2367;	Central Chacko	;;;;;;;;;;;;;x;;;;
PROV2369;	Maryhill	;;;;;;;;;;;;;x;;;;
PROV2370;	Saint Catherine	;;;;;;;;;;;;;x;;;;
PROV2373;	Bodely	;;;;;;;;;;;;;x;;;;
PROV2374;	Catamarch	;;;;;;;;;;;;;x;;;;
PROV2376;	Glenshee	;;;;;;;;;;;;;x;;;;
PROV2379;	Budwick	;;;;;;;;;;;;;x;;;;
PROV2382;	Armadale	;;;;;;;;;;;;;x;;;;
PROV2383;	Ochenburgh	;;;;;;;;;;;;;x;;;;
PROV2385;	New Moray	;;;;;;;;;;;;;x;;;;
PROV2386;	Hardewick	;;;;;;;;;;;;;x;;;;
PROV2387;Saint Iain;;;;;;;;;;;;;x;;;;
PROV2389;	Cockermouth	;;;;;;;;;;;;;x;;;;
PROV2390;	Borrowstouness	;;;;;;;;;;;;;x;;;;
PROV2391;	Lochmaben	;;;;;;;;;;;;;x;;;;
PROV2392;	Inverkeithing	;;;;;;;;;;;;;x;;;;
PROV2393;	Church Olston	;;;;;;;;;;;;;x;;;;
PROV2394;	Alva	;;;;;;;;;;;;;x;;;;
PROV2395;	Warhawston	;;;;;;;;;;;;;x;;;;
PROV2396;	New Alloa	;;;;;;;;;;;;;x;;;;
PROV2397;	Brig o' Grange	;;;;;;;;;;;;;x;;;;
PROV2398;	Port Desire	;;;;;;;;;;;;;x;;;;
PROV2399;	Helenscauld	;;;;;;;;;;;;;x;;;;
PROV2400;	Bruntisland	;;;;;;;;;;;;;x;;;;
PROV2402;	New Hamilton	;;;;;;;;;;;;;x;;;;
PROV2406;Pulu Kokos;;;;;;;;;;;;;x;;;;
PROV2409;	San Vincenzo	;;;;;;;;;;;;;x;;;;
PROV2410;	Wigtown	;;;;;;;;;;;;;x;;;;
PROV2411;	Woodhall	;;;;;;;;;;;;;x;;;;
PROV2414;	New Biggar	;;;;;;;;;;;;;x;;;;
PROV2415;	Applecross	;;;;;;;;;;;;;x;;;;
PROV2416;	Orchy	;;;;;;;;;;;;;x;;;;
PROV2417;	Rooketower	;;;;;;;;;;;;;x;;;;
PROV2418;	New Wick	;;;;;;;;;;;;;x;;;;
PROV2419;	St. Davids	;;;;;;;;;;;;;x;;;;
PROV2420;	Orchy	;;;;;;;;;;;;;x;;;;
PROV2421;	Dunbarshire	;;;;;;;;;;;;;x;;;;
PROV2422;	St Mungo	;;;;;;;;;;;;;x;;;;
PROV2423;	Rhins o' Fleet	;;;;;;;;;;;;;x;;;;
PROV2424;	Aberavon	;;;;;;;;;;;;;x;;;;
PROV2425;	Fort Britannica	;;;;;;;;;;;;;x;;;;
PROV2426;	Gourock	;;;;;;;;;;;;;x;;;;
PROV2427;	White Woods	;;;;;;;;;;;;;x;;;;
PROV2428;	Lochavullin	;;;;;;;;;;;;;x;;;;
PROV2429;	Newcastle	;;;;;;;;;;;;;x;;;;
PROV2430;	Wick	;;;;;;;;;;;;;x;;;;
PROV2431;	Forth	;;;;;;;;;;;;;x;;;;
PROV2432;	Croce del Colle	;;;;;;;;;;;;;x;;;;
PROV2433;	Pescara	;;;;;;;;;;;;;x;;;;
PROV2434;	Forte del Santo	;;;;;;;;;;;;;x;;;;
PROV2435;	Nuova Ancona	;;;;;;;;;;;;;x;;;;
PROV2436;	Rivera Verde	;;;;;;;;;;;;;x;;;;
PROV2437;	Vesperina	;;;;;;;;;;;;;x;;;;
PROV2438;	Campogrosso	;;;;;;;;;;;;;x;;;;
PROV2439;	Porto dell'Incolumita	;;;;;;;;;;;;;x;;;;
PROV2440;	Castel Vittoria 	;;;;;;;;;;;;;x;;;;
PROV2441;	Crailshire	;;;;;;;;;;;;;x;;;;
PROV2442;	Valle dei Minatori	;;;;;;;;;;;;;x;;;;
PROV2443;	Diamantina	;;;;;;;;;;;;;x;;;;
PROV2444;	San Filiberto	;;;;;;;;;;;;;x;;;;
PROV2445;	Argentina del Moro	;;;;;;;;;;;;;x;;;;
PROV2446;	Treshnish	;;;;;;;;;;;;;x;;;;
PROV2447;	Forbestoon	;;;;;;;;;;;;;x;;;;
PROV2448;	New Perth	;;;;;;;;;;;;;x;;;;
PROV2449;	Fawburgh	;;;;;;;;;;;;;x;;;;
PROV2450;	Annandale	;;;;;;;;;;;;;x;;;;
PROV2451;	Greetin' Laing	;;;;;;;;;;;;;x;;;;
PROV2453;	Duncanstoon	;;;;;;;;;;;;;x;;;;
PROV2454;Viti;;;;;;;;;;;;;x;;;;
PROV2455;	Annandale	;;;;;;;;;;;;;x;;;;
PROV2456;	Duncanstoon	;;;;;;;;;;;;;x;;;;
PROV2457;	Baiabassa	;;;;;;;;;;;;;x;;;;
PROV2458;	Bannockburn	;;;;;;;;;;;;;x;;;;
PROV2460;	Airdmuir	;;;;;;;;;;;;;x;;;;
PROV2462;	Creichshire	;;;;;;;;;;;;;x;;;;
PROV2463;	Mornmouth	;;;;;;;;;;;;;x;;;;
PROV2465;	County Doune	;;;;;;;;;;;;;x;;;;
PROV2466;	New Haddington	;;;;;;;;;;;;;x;;;;
PROV2467;	Upstream	;;;;;;;;;;;;;x;;;;
PROV2469;Eora;;;;;;;;;;;;;x;;;;
PROV2470;Bundjalung;;;;;;;;;;;;;x;;;;
PROV2472;Yuin;;;;;;;;;;;;;x;;;;
PROV2473;Wiradjuri;;;;;;;;;;;;;x;;;;
PROV2474;Kamilaroi;;;;;;;;;;;;;x;;;;
PROV2476;Wurundjeri;;;;;;;;;;;;;x;;;;
PROV2481;Wergaia;;;;;;;;;;;;;x;;;;
PROV2482;Paredarerme;;;;;;;;;;;;;x;;;;
PROV2483;Turrbal;;;;;;;;;;;;;x;;;;
PROV2484;Baiali;;;;;;;;;;;;;x;;;;
PROV2485;Barunggam;;;;;;;;;;;;;x;;;;
PROV2487;Wulgurukaba;;;;;;;;;;;;;x;;;;
PROV2488;Awngthim;;;;;;;;;;;;;x;;;;
PROV2491;Kaurna;;;;;;;;;;;;;x;;;;
PROV2492;Nukunu;;;;;;;;;;;;;x;;;;
PROV2493;Gunditjmara;;;;;;;;;;;;;x;;;;
PROV2497;Wadjuk;;;;;;;;;;;;;x;;;;
PROV2498;Minang;;;;;;;;;;;;;x;;;;
PROV2499;Malgana;;;;;;;;;;;;;x;;;;
PROV2505;Tiwi;;;;;;;;;;;;;x;;;;
PROV2508;Whangarei;;;;;;;;;;;;;x;;;;
PROV2510;Taranaki;;;;;;;;;;;;;x;;;;
PROV2511;Tauranga;;;;;;;;;;;;;x;;;;
PROV2512;Ahuriri;;;;;;;;;;;;;x;;;;
PROV2513;Waihopai;;;;;;;;;;;;;x;;;;
PROV2515;Timaru;;;;;;;;;;;;;x;;;;
PROV2516;Waitaha;;;;;;;;;;;;;x;;;;
PROV2517;Guahan;;;;;;;;;;;;;x;;;;
PROV2518;Belau;;;;;;;;;;;;;x;;;;
PROV2520;Viti;;;;;;;;;;;;;x;;;;
PROV2521;Guahan;;;;;;;;;;;;;x;;;;
PROV2522;Aolepan Aorokin Majel;;;;;;;;;;;;;x;;;;
PROV2523;Naoero;;;;;;;;;;;;;x;;;;
PROV2524;Wake;;;;;;;;;;;;;x;;;;
PROV2527;Tungaru;;;;;;;;;;;;;x;;;;
PROV2528;Hanuabada;;;;;;;;;;;;;x;;;;
PROV2529;Kerema;;;;;;;;;;;;;x;;;;
PROV2530;Lae;;;;;;;;;;;;;x;;;;
PROV2531;Madang;;;;;;;;;;;;;x;;;;
PROV2532;	Rhins	;;;;;;;;;;;;;x;;;;
PROV2533;Maris;;;;;;;;;;;;;x;;;;
PROV2534;Solomon Islands;;;;;;;;;;;;;x;;;;
PROV2536;Vanuatu;;;;;;;;;;;;;x;;;;
PROV2537;Rabaul;;;;;;;;;;;;;x;;;;
PROV2538;Srem;;;;;;;;;;;;;x;;;;
PROV2540;Tonga;;;;;;;;;;;;;x;;;;
PROV2541;Tuvalu;;;;;;;;;;;;;x;;;;
PROV2542;Viti;;;;;;;;;;;;;x;;;;
PROV2545;Totaiete ma;;;;;;;;;;;;;x;;;;
PROV2548;Tonga;;;;;;;;;;;;;x;;;;
PROV2550;	New Renfrew	;;;;;;;;;;;;;x;;;;
PROV2553;Tuamotu Islands;;;;;;;;;;;;;x;;;;
PROV2554;	Holmhead	;;;;;;;;;;;;;x;;;;
PROV2555;	Augusta	;;;;;;;;;;;;;x;;;;
PROV2556;	Overmountain	;;;;;;;;;;;;;x;;;;
PROV2557;Kolding;;;;;;;;;;;;;x;;;;
PROV2558;Great Karoo;;;;;;;;;;;;;x;;;;
PROV2559;Manfalut;;;;;;;;;;;;;x;;;;
PROV2560;Mayence;;;;;;;;;;;;;x;;;;
PROV2561;Berg;;;;;;;;;;;;;x;;;;
PROV2562;Tainan;;;;;;;;;;;;;x;;;;
PROV2563;Abda;;;;;;;;;;;;;x;;;;
PROV2565;Sugbu;;;;;;;;;;;;;x;;;;
PROV2566;Silhet;;;;;;;;;;;;;x;;;;
PROV2567;Napule;;;;;;;;;;;;;x;;;;
PROV2570;Valois;;;;;;;;;;;;;x;;;;
PROV2571;Kirikiriroa;;;;;;;;;;;;;x;;;;
PROV2572;Nan;;;;;;;;;;;;;x;;;;
PROV2573;Dakar;;;;;;;;;;;;;x;;;;
PROV2575;Perak;;;;;;;;;;;;;x;;;;
PROV2576;Pontianak;;;;;;;;;;;;;x;;;;
PROV2578;	Craiglaing	;;;;;;;;;;;;;x;;;;
PROV2579;Micronesia;;;;;;;;;;;;;x;;;;
PROV2580;Ladoga;;;;;;;;;;;;;x;;;;
PROV2581;Lomwe;;;;;;;;;;;;;x;;;;
PROV2586;Yabrin;;;;;;;;;;;;;x;;;;
PROV2587;Kola;;;;;;;;;;;;;x;;;;
PROV2588;Onega;;;;;;;;;;;;;x;;;;
PROV2592;	Fort Richmond	;;;;;;;;;;;;;x;;;;
PROV2593;	Eastmain	;;;;;;;;;;;;;x;;;;
PROV2594;	Fort Hope	;;;;;;;;;;;;;x;;;;
PROV2597;	Innisfree	;;;;;;;;;;;;;x;;;;
PROV2600;	Woodhall	;;;;;;;;;;;;;x;;;;
PROV2606;Nadym;;;;;;;;;;;;;x;;;;
PROV2607;Korla;;;;;;;;;;;;;x;;;;
PROV2608;Ulaangom;;;;;;;;;;;;;x;;;;
PROV2609;Hodh;;;;;;;;;;;;;x;;;;
PROV2610;Shyngghyrlau;;;;;;;;;;;;;x;;;;
PROV2611;Altyn;;;;;;;;;;;;;x;;;;
PROV2612;Dzhaman-Kuduk;;;;;;;;;;;;;x;;;;
PROV2617;Kuru;;;;;;;;;;;;;x;;;;
PROV2618;Tauysk;;;;;;;;;;;;;x;;;;
PROV2622;Omolon;;;;;;;;;;;;;x;;;;
PROV2623;Midway;;;;;;;;;;;;;x;;;;
PROV2624;Lwaagu;;;;;;;;;;;;;x;;;;
PROV2625;Bagh Iasg;;;;;;;;;;;;;x;;;;
PROV2627;Tunnock;;;;;;;;;;;;;x;;;;
PROV2628;	Fort Albany	;;;;;;;;;;;;;x;;;;
PROV2630;Eyak;;;;;;;;;;;;;x;;;;
PROV2637;Kagyrgyn;;;;;;;;;;;;;x;;;;
PROV2638;Gizhiga;;;;;;;;;;;;;x;;;;
PROV2639;Okhotsk;;;;;;;;;;;;;x;;;;
PROV2640;Verkhoyansk;;;;;;;;;;;;;x;;;;
PROV2641;Jugjur;;;;;;;;;;;;;x;;;;
PROV2642;Sakha;;;;;;;;;;;;;x;;;;
PROV2646;Agan;;;;;;;;;;;;;x;;;;
PROV2648;Kharya;;;;;;;;;;;;;x;;;;
PROV2660;Yarmanka;;;;;;;;;;;;;x;;;;
PROV2663;Karalveyem;;;;;;;;;;;;;x;;;;
PROV2669;Maya;;;;;;;;;;;;;x;;;;
PROV2676;Kirenga;;;;;;;;;;;;;x;;;;
PROV2678;Tsetserleg;;;;;;;;;;;;;x;;;;
PROV2679;Hoboksar;;;;;;;;;;;;;x;;;;
PROV2683;Eyartes;;;;;;;;;;;;;x;;;;
PROV2686;Tsymqy-tora;;;;;;;;;;;;;x;;;;
PROV2689;Pelym;;;;;;;;;;;;;x;;;;
PROV2690;Isker;;;;;;;;;;;;;x;;;;
PROV2696;Stanovoy;;;;;;;;;;;;;x;;;;
PROV2697;Urkan;;;;;;;;;;;;;x;;;;
PROV2698;Barnaul;;;;;;;;;;;;;x;;;;
PROV2700;Cherdin;;;;;;;;;;;;;x;;;;
PROV2702;Altyqudyq;;;;;;;;;;;;;x;;;;
PROV3246;Akureyri;;;;;;;;;;;;;x;;;;
